symbol,timestamp,open,high,low,close,volume,openInterest,price_change_rate,volume_change_rate,oi_change_rate
10000000AIDOGEUSDT,2025-01-02 22:45:00+09:00,0.002815,0.002815,0.002815,0.002815,0.0,162516200.0,-1.172,0.0,-3.709
1000000BABYDOGEUSDT,2025-01-02 22:45:00+09:00,0.0032616,0.0032616,0.0032592,0.0032592,431500.0,2322143000.0,-0.086,7621.321,0.594
1000000CHEEMSUSDT,2025-01-02 22:45:00+09:00,0.9412,0.9412,0.9405,0.9405,127.0,4697337.0,-0.33,12930.709,0.387
1000000MOGUSDT,2025-01-02 22:45:00+09:00,2.0851,2.0851,2.0831,2.0838,1237.0,6598973.0,0.163,10494.341,0.662
1000000PEIPEIUSDT,2025-01-02 22:45:00+09:00,0.102,0.102,0.102,0.102,0.0,24270476.0,-0.392,0.0,0.012
10000COQUSDT,2025-01-02 22:45:00+09:00,0.0141,0.0141,0.01408,0.01408,1590.0,83602710.0,-0.852,87040.252,0.287
10000LADYSUSDT,2025-01-02 22:45:00+09:00,0.0007871,0.0007871,0.000786,0.000786,44300.0,5706346100.0,-0.547,17482.844,-0.75
10000QUBICUSDT,2025-01-02 22:45:00+09:00,0.03093,0.03093,0.03093,0.03093,0.0,39900340.0,-0.42,0.0,0.078
10000SATSUSDT,2025-01-02 22:45:00+09:00,0.001854,0.001854,0.001852,0.001852,139200.0,3511948400.0,-0.108,21277.658,-0.252
10000WENUSDT,2025-01-02 22:45:00+09:00,0.908,0.908,0.9075,0.9075,847.0,4704764.0,0.022,1646.399,-0.33
10000WHYUSDT,2025-01-02 22:45:00+09:00,0.001259,0.001259,0.001259,0.001259,0.0,1944584900.0,-1.033,0.0,0.39
1000APUUSDT,2025-01-02 22:45:00+09:00,0.5423,0.5423,0.542,0.542,1290.0,5603611.0,-0.646,4118.605,1.154
1000BONKUSDT,2025-01-02 22:45:00+09:00,0.032158,0.032158,0.032131,0.032132,294800.0,9070455600.0,-0.156,14056.615,0.078
1000BTTUSDT,2025-01-02 22:45:00+09:00,0.0011037,0.0011037,0.0011037,0.0011037,0.0,3044516200.0,-0.082,0.0,-0.707
1000CATSUSDT,2025-01-02 22:45:00+09:00,0.02385,0.02385,0.02379,0.02379,31830.0,40045950.0,0.126,1113.886,0.175
1000CATUSDT,2025-01-02 22:45:00+09:00,0.03498,0.03499,0.03496,0.03499,49359.0,188753549.0,-0.4,4451.731,-1.088
1000FLOKIUSDT,2025-01-02 22:45:00+09:00,0.18628,0.18628,0.18606,0.18606,28944.0,194312780.0,-0.161,6637.265,-0.345
1000LUNCUSDT,2025-01-02 22:45:00+09:00,0.11509,0.11509,0.115,0.115,1599.0,38918515.0,0.017,33270.106,0.129
1000MUMUUSDT,2025-01-02 22:45:00+09:00,0.030034,0.030051,0.030034,0.030051,5390.0,86349710.0,0.14,11562.338,0.489
1000NEIROCTOUSDT,2025-01-02 22:45:00+09:00,1.017,1.017,1.0153,1.0153,890.0,11632896.0,-0.187,22151.461,0.448
1000PEPEUSDT,2025-01-02 22:45:00+09:00,0.020943,0.020943,0.020911,0.020917,4250400.0,12964762300.0,-0.521,10779.569,0.568
1000RATSUSDT,2025-01-02 22:45:00+09:00,0.0662,0.06622,0.06615,0.06615,2950.0,150714220.0,0.076,40761.695,0.939
1000TOSHIUSDT,2025-01-02 22:45:00+09:00,0.1218,0.1218,0.1218,0.1218,0.0,5381962.0,0.246,0.0,4.723
1000TURBOUSDT,2025-01-02 22:45:00+09:00,9.6075,9.6075,9.6008,9.6033,146.0,678498.0,-0.798,7049.315,0.746
1000XECUSDT,2025-01-02 22:45:00+09:00,0.03496,0.03496,0.03496,0.03496,0.0,31166070.0,0.114,0.0,0.959
1000XUSDT,2025-01-02 22:45:00+09:00,0.15856,0.15864,0.15856,0.1586,680.0,16374510.0,-0.126,13051.471,0.445
1CATUSDT,2025-01-02 22:45:00+09:00,0.001476,0.001476,0.001474,0.001474,54440.0,528265320.0,-0.204,18109.295,-6.855
1INCHUSDT,2025-01-02 22:45:00+09:00,0.4067,0.4067,0.4066,0.4066,39.0,21798718.3,-0.123,652494.103,0.368
A8USDT,2025-01-02 22:45:00+09:00,0.30798,0.30854,0.30796,0.30796,4973.0,5722448.0,1.464,1218.339,3.468
AAVEUSDT,2025-01-02 22:45:00+09:00,335.66,335.77,335.12,335.12,230.14,213451.63,-0.254,1326.519,0.527
ACEUSDT,2025-01-02 22:45:00+09:00,2.198,2.198,2.198,2.198,5.0,659959.9,0.182,25450.0,0.085
ACHUSDT,2025-01-02 22:45:00+09:00,0.027341,0.027342,0.027315,0.027315,7880.0,104052170.0,0.04,8927.284,0.624
ACTUSDT,2025-01-02 22:45:00+09:00,0.3198,0.3201,0.3198,0.3198,64214.0,23501841.0,-0.563,3011.926,0.283
ACXUSDT,2025-01-02 22:45:00+09:00,0.5917,0.5917,0.5911,0.5911,1529.0,3774393.0,0.575,2145.978,0.612
ADAUSDT,2025-01-02 22:45:00+09:00,0.9644,0.9644,0.9632,0.964,100927.0,208206604.0,0.259,2863.245,-0.414
AERGOUSDT,2025-01-02 22:45:00+09:00,0.1349,0.1349,0.1348,0.1348,100043.0,44066750.0,0.371,1264.243,4.735
AEROUSDT,2025-01-02 22:45:00+09:00,1.5477,1.5477,1.5453,1.5457,285.0,10958870.0,0.019,72281.404,0.479
AEVOUSDT,2025-01-02 22:45:00+09:00,0.3896,0.3896,0.3895,0.3895,641.5,18369839.8,-0.077,14745.331,-0.229
AGIUSDT,2025-01-02 22:45:00+09:00,0.15099,0.15117,0.15093,0.15109,46330.0,76111060.0,-0.278,949.709,0.052
AGLDUSDT,2025-01-02 22:45:00+09:00,2.5272,2.5312,2.5265,2.5272,10641.7,7759706.2,0.625,8871.272,-0.504
AI16ZUSDT,2025-01-02 22:45:00+09:00,2.0541,2.0589,2.0501,2.052,70779.0,16690306.0,1.014,1772.875,-4.624
AIOZUSDT,2025-01-02 22:45:00+09:00,0.8199,0.8199,0.8183,0.8183,731.0,7273526.0,1.625,7641.587,2.147
AIUSDT,2025-01-02 22:45:00+09:00,0.7778,0.7781,0.7742,0.7766,28231.2,13513105.6,-0.322,5356.128,3.992
AIXBTUSDT,2025-01-02 22:45:00+09:00,0.5453,0.5453,0.5443,0.5453,72290.0,33667550.0,0.367,5667.935,2.095
AKTUSDT,2025-01-02 22:45:00+09:00,3.399,3.408,3.395,3.405,10222.3,1880459.5,-4.464,203.675,-9.362
ALEOUSDT,2025-01-02 22:45:00+09:00,0.8898,0.8898,0.8898,0.8898,0.0,4907491.0,-0.337,0.0,0.166
ALGOUSDT,2025-01-02 22:45:00+09:00,0.3973,0.3973,0.3965,0.3965,25348.5,90244738.4,-0.177,4586.548,-0.648
ALICEUSDT,2025-01-02 22:45:00+09:00,1.191,1.191,1.189,1.189,7.7,2801563.79999999,0.168,136067.532,0.042
ALPACAUSDT,2025-01-02 22:45:00+09:00,0.17667,0.17667,0.17667,0.17667,0.0,4931118.0,-0.153,0.0,0.063
ALPHAUSDT,2025-01-02 22:45:00+09:00,0.08569,0.0857,0.08565,0.0857,14643.0,24873154.0,0.105,3196.701,0.772
ALTUSDT,2025-01-02 22:45:00+09:00,0.12164,0.12164,0.12142,0.12142,15282.0,47183706.0,-0.239,2617.668,0.387
AMBUSDT,2025-01-02 22:45:00+09:00,0.007727,0.007732,0.007727,0.00773,5170.0,131778590.0,0.026,12319.729,-0.204
ANKRUSDT,2025-01-02 22:45:00+09:00,0.03649,0.03649,0.03648,0.03648,395.0,140017427.0,0.219,266045.57,-0.475
APEUSDT,2025-01-02 22:45:00+09:00,1.2754,1.2754,1.2741,1.2743,1366.4,15565678.7,-0.102,7131.082,-0.192
API3USDT,2025-01-02 22:45:00+09:00,1.715,1.715,1.715,1.715,114.8,1732808.7,-0.175,6703.31,-0.802
APTUSDT,2025-01-02 22:45:00+09:00,9.386,9.386,9.382,9.3835,419.82,8545672.14,-0.416,11750.974,-0.46
ARBUSDT,2025-01-02 22:45:00+09:00,0.7812,0.7812,0.7802,0.7802,21018.2,79414371.3,-0.051,7518.298,-0.655
ARKMUSDT,2025-01-02 22:45:00+09:00,1.5867,1.5867,1.5847,1.5847,633.0,9718274.0,-0.095,9318.799,0.843
ARKUSDT,2025-01-02 22:45:00+09:00,0.5208,0.5208,0.5206,0.5206,272.0,3319495.0,-0.173,22497.426,0.933
ARPAUSDT,2025-01-02 22:45:00+09:00,0.0518,0.0518,0.0518,0.0518,0.0,20149740.0,-0.251,0.0,0.457
ARUSDT,2025-01-02 22:45:00+09:00,17.804,17.804,17.786,17.789,15.1,1474106.2,0.197,59315.232,0.369
ASTRUSDT,2025-01-02 22:45:00+09:00,0.062565,0.062575,0.062565,0.062575,110.0,55780098.0,-0.04,293857.273,0.0
ATAUSDT,2025-01-02 22:45:00+09:00,0.19492,0.19571,0.1947,0.19547,91460.0,25635280.0,-1.279,1969.812,-0.701
ATHUSDT,2025-01-02 22:45:00+09:00,0.06845,0.06848,0.06842,0.06843,24580.0,276202840.0,-1.432,8385.842,0.481
ATOMUSDT,2025-01-02 22:45:00+09:00,6.743,6.743,6.738,6.738,470.8,6878444.2,-0.43,6430.947,-0.588
AUCTIONUSDT,2025-01-02 22:45:00+09:00,17.168,17.177,17.156,17.172,321.2,359315.8,0.192,707.503,0.375
AUDIOUSDT,2025-01-02 22:45:00+09:00,0.1637,0.1637,0.1637,0.1637,1150.6,19043974.2,0.122,5238.267,-0.159
AVAILUSDT,2025-01-02 22:45:00+09:00,0.12037,0.12037,0.12037,0.12037,0.0,18355301.0,-0.091,0.0,0.516
AVAUSDT,2025-01-02 22:45:00+09:00,1.4029,1.4037,1.4013,1.4013,1866.8,2452643.1,0.043,4634.856,5.631
AVAXUSDT,2025-01-02 22:45:00+09:00,40.0,40.0,39.955,39.98,2521.7,3158922.2,-0.15,1319.887,-0.059
AXLUSDT,2025-01-02 22:45:00+09:00,0.7037,0.704,0.7026,0.7029,1233.0,5751757.0,-0.043,694.566,0.341
AXSUSDT,2025-01-02 22:45:00+09:00,6.682,6.683,6.676,6.676,166.8,2691425.6,-0.015,4085.432,-0.113
BADGERUSDT,2025-01-02 22:45:00+09:00,4.335,4.336,4.335,4.336,0.2,1040955.5,-0.161,2236100.0,0.099
BAKEUSDT,2025-01-02 22:45:00+09:00,0.2672,0.2672,0.267,0.267,723.8,14346276.5,0.075,9974.081,0.222
BALUSDT,2025-01-02 22:45:00+09:00,2.647,2.647,2.647,2.647,149.06,524298.96,-0.151,318.328,0.078
BANANAUSDT,2025-01-02 22:45:00+09:00,39.196,39.196,39.174,39.174,10.14,67932.71,-0.051,4051.874,0.356
BANDUSDT,2025-01-02 22:45:00+09:00,1.502,1.502,1.501,1.501,26.9,1336983.5,0.2,25819.703,1.247
BANUSDT,2025-01-02 22:45:00+09:00,0.0561,0.0562,0.0561,0.0562,102080.0,185599921.0,-0.178,5400.272,-0.45
BATUSDT,2025-01-02 22:45:00+09:00,0.2477,0.2477,0.2475,0.2475,3454.3,14216017.7,-0.162,5269.484,0.519
BBUSDT,2025-01-02 22:45:00+09:00,0.458,0.458,0.457,0.4573,4444.0,7195034.0,-0.459,3507.358,-2.374
BCHUSDT,2025-01-02 22:45:00+09:00,463.7,463.7,463.5,463.6,7.83,108807.75,0.0,10450.192,-0.12
BEAMUSDT,2025-01-02 22:45:00+09:00,0.029246,0.029246,0.029202,0.029206,29600.0,582912200.0,-1.085,7546.284,-0.032
BELUSDT,2025-01-02 22:45:00+09:00,0.5895,0.5899,0.5895,0.5895,25.0,2383631.0,0.0,74620.0,0.824
BENDOGUSDT,2025-01-02 22:45:00+09:00,0.010339,0.010339,0.010321,0.010328,21630.0,294968030.0,-0.116,720.111,-0.18
BICOUSDT,2025-01-02 22:45:00+09:00,0.3404,0.3406,0.3404,0.3406,9894.5,6808734.3,0.558,1335.778,0.296
BIGTIMEUSDT,2025-01-02 22:45:00+09:00,0.14422,0.14423,0.14414,0.14415,2221.0,66433578.0,0.139,32778.028,-0.924
BILLYUSDT,2025-01-02 22:45:00+09:00,0.02114,0.02114,0.02106,0.02112,228830.0,71667300.0,-0.71,48.534,-0.433
BLASTUSDT,2025-01-02 22:45:00+09:00,0.00926,0.009264,0.009257,0.009262,235420.0,494128010.0,-0.184,5514.043,-0.991
BLUEUSDT,2025-01-02 22:45:00+09:00,0.40897,0.40937,0.40897,0.40937,103.0,3521141.0,-0.09,13124.272,0.433
BLURUSDT,2025-01-02 22:45:00+09:00,0.26,0.26,0.2597,0.2598,4132.0,63478560.0,0.038,8169.942,0.072
BNBUSDT,2025-01-02 22:45:00+09:00,711.1,711.1,710.7,710.8,11.91,169605.07,0.113,5537.783,0.001
BNTUSDT,2025-01-02 22:45:00+09:00,0.70735,0.70745,0.70735,0.70745,20.0,1013465.0,-0.311,45980.0,0.366
BNXUSDT,2025-01-02 22:45:00+09:00,0.4273,0.4273,0.4272,0.4272,150.9,7757053.0,-0.07,30084.029,-0.16
BOBAUSDT,2025-01-02 22:45:00+09:00,0.2115,0.2115,0.21144,0.21145,2418.4,5986822.4,0.0,2553.837,-0.6
BOMEUSDT,2025-01-02 22:45:00+09:00,0.006689,0.006692,0.006689,0.006689,564400.0,2907518800.0,-0.284,2368.87,0.237
BRETTUSDT,2025-01-02 22:45:00+09:00,0.13781,0.13781,0.13766,0.13769,27590.0,262865000.0,-0.145,9015.694,-0.322
BSVUSDT,2025-01-02 22:45:00+09:00,53.05,53.05,53.05,53.05,0.0,49292.75,0.094,0.0,0.377
BSWUSDT,2025-01-02 22:45:00+09:00,0.0799,0.0799,0.07983,0.07983,14875.0,12108597.0,0.238,523.234,-0.317
BTCUSDT,2025-01-02 22:45:00+09:00,96634.5,96636.2,96601.0,96635.2,44.796,61655.44,0.097,2162.193,-0.067
C98USDT,2025-01-02 22:45:00+09:00,0.1804,0.1805,0.1804,0.1805,40837.4,26169633.2,0.166,417.545,0.318
CAKEUSDT,2025-01-02 22:45:00+09:00,2.706,2.706,2.7,2.7,127.9,3925979.7,-0.333,23585.066,-0.407
CARVUSDT,2025-01-02 22:45:00+09:00,0.9,0.9001,0.9,0.9001,9.0,10280295.0,-0.6,1522800.0,-0.502
CATIUSDT,2025-01-02 22:45:00+09:00,0.3996,0.3997,0.3995,0.3995,2114.0,15187628.0,-0.25,6800.946,-0.439
CELOUSDT,2025-01-02 22:45:00+09:00,0.684,0.684,0.6833,0.6833,1679.6,6889039.2,-0.029,1840.843,-0.521
CELRUSDT,2025-01-02 22:45:00+09:00,0.02001,0.02001,0.01999,0.02,57321.0,173159993.0,0.15,1091.719,-1.765
CETUSUSDT,2025-01-02 22:45:00+09:00,0.31024,0.31024,0.31017,0.31017,1760.0,13449947.0,0.461,6787.955,-0.516
CFXUSDT,2025-01-02 22:45:00+09:00,0.16679,0.1668,0.16669,0.16669,449.0,35362636.0,0.048,59918.931,-0.059
CHESSUSDT,2025-01-02 22:45:00+09:00,0.2004,0.2004,0.2003,0.2003,1170.0,5749274.0,-0.3,1835.128,-0.397
CHILLGUYUSDT,2025-01-02 22:45:00+09:00,0.1742,0.1743,0.1739,0.174,51374.0,100376363.0,0.172,5556.126,0.423
CHRUSDT,2025-01-02 22:45:00+09:00,0.248,0.2481,0.248,0.2481,991.4,11489771.2,0.04,8333.427,0.086
CHZUSDT,2025-01-02 22:45:00+09:00,0.08885,0.08885,0.08877,0.08877,20314.0,97406224.0,-0.146,2708.044,0.365
CKBUSDT,2025-01-02 22:45:00+09:00,0.012289,0.012289,0.012278,0.012278,7070.0,307868630.0,-0.334,47237.907,0.141
CLOUDUSDT,2025-01-02 22:45:00+09:00,0.2154,0.2154,0.2149,0.2149,3985.0,9194246.0,-0.186,1971.267,-0.302
COMBOUSDT,2025-01-02 22:45:00+09:00,0.4629,0.4635,0.4629,0.4635,1.0,752527.5,-0.108,592250.0,0.115
COMPUSDT,2025-01-02 22:45:00+09:00,80.05,80.05,79.96,79.96,19.54,84033.17,-0.1,5685.568,1.196
COOKUSDT,2025-01-02 22:45:00+09:00,0.02731,0.02731,0.02726,0.02727,52670.0,47781300.0,-1.173,564.515,-1.019
COREUSDT,2025-01-02 22:45:00+09:00,1.2501,1.2514,1.2454,1.2465,11078.8,6434768.6,0.176,2223.327,-0.812
COSUSDT,2025-01-02 22:45:00+09:00,0.008067,0.008069,0.008063,0.008069,33850.0,106344390.0,0.062,2841.92,5.663
COTIUSDT,2025-01-02 22:45:00+09:00,0.13307,0.1331,0.13301,0.13301,5381.0,47408482.0,0.135,6067.887,0.067
COWUSDT,2025-01-02 22:45:00+09:00,0.9535,0.9536,0.9523,0.9526,1081.0,5658397.0,0.819,94661.332,4.764
CROUSDT,2025-01-02 22:45:00+09:00,0.15273,0.15284,0.15273,0.15283,23383.0,56450346.0,0.268,1550.276,-0.03
CRVUSDT,2025-01-02 22:45:00+09:00,1.02,1.0206,1.0196,1.0199,9924.3,65751531.1,-1.03,4520.424,-0.144
CTCUSDT,2025-01-02 22:45:00+09:00,1.14345,1.1435,1.1431,1.1431,628.0,6345496.0,0.297,12073.885,0.359
CTKUSDT,2025-01-02 22:45:00+09:00,0.786,0.786,0.7855,0.7858,1699.5,2400845.0,0.585,587.885,-0.153
CTSIUSDT,2025-01-02 22:45:00+09:00,0.16368,0.16368,0.16368,0.16368,72.0,11265627.0,-0.073,16130.556,-0.018
CVCUSDT,2025-01-02 22:45:00+09:00,0.18862,0.18888,0.18862,0.18886,45932.0,46667147.0,0.111,2048.803,-0.487
CVXUSDT,2025-01-02 22:45:00+09:00,5.708,5.729,5.708,5.718,1822.45,2175197.27,-2.378,1386.315,-1.262
CYBERUSDT,2025-01-02 22:45:00+09:00,3.477,3.478,3.475,3.475,78.5,1083912.39999999,0.058,19978.344,0.773
DARUSDT,2025-01-02 22:45:00+09:00,0.1774,0.1774,0.1774,0.1774,671.8,10107387.19999999,0.676,30133.15,-0.053
DASHUSDT,2025-01-02 22:45:00+09:00,40.61,40.62,40.59,40.62,1.99,155512.72,0.025,83035.176,-0.243
DATAUSDT,2025-01-02 22:45:00+09:00,0.05082,0.05082,0.05082,0.05082,0.0,10037960.0,0.374,0.0,-3.147
DBRUSDT,2025-01-02 22:45:00+09:00,0.03657,0.03657,0.03657,0.03657,3590.0,87350060.0,-0.328,15876.045,-0.466
DEEPUSDT,2025-01-02 22:45:00+09:00,0.11778,0.11778,0.11773,0.11776,10790.0,69549600.0,-0.042,7696.478,1.475
DEGENUSDT,2025-01-02 22:45:00+09:00,0.010103,0.010103,0.010088,0.010088,59130.0,826770380.0,-0.486,28759.462,-0.532
DENTUSDT,2025-01-02 22:45:00+09:00,0.0015831,0.0015866,0.0015817,0.0015817,1946100.0,1081477300.0,-1.764,684.374,0.586
DEXEUSDT,2025-01-02 22:45:00+09:00,20.928,20.928,20.766,20.795,3561.9,246859.7,0.991,1904.705,-4.694
DGBUSDT,2025-01-02 22:45:00+09:00,0.013958,0.014052,0.013951,0.014007,2926880.0,227144550.0,-1.992,297.116,-0.273
DODOUSDT,2025-01-02 22:45:00+09:00,0.16304,0.16304,0.16304,0.16304,0.0,10567841.0,0.209,0.0,0.124
DOGEUSDT,2025-01-02 22:45:00+09:00,0.33975,0.33975,0.33936,0.33954,474810.0,1920816176.0,0.2,2412.284,0.325
DOGSUSDT,2025-01-02 22:45:00+09:00,0.0005531,0.0005531,0.0005527,0.0005527,3346200.0,21158850000.0,-0.072,7807.492,-0.92
DOGUSDT,2025-01-02 22:45:00+09:00,0.007346,0.007346,0.007339,0.007343,610300.0,2196645400.0,0.803,3252.138,-0.985
DOP1USDT,2025-01-02 22:45:00+09:00,0.001507,0.001507,0.001507,0.001507,0.0,997293290.0,0.199,0.0,-0.218
DOTUSDT,2025-01-02 22:45:00+09:00,7.262,7.262,7.251,7.254,2161.9,11239768.9,0.165,3020.306,-0.283
DRIFTUSDT,2025-01-02 22:45:00+09:00,1.2974,1.2977,1.2967,1.2977,6359.0,16745134.0,0.131,4545.243,-0.99
DUSKUSDT,2025-01-02 22:45:00+09:00,0.25667,0.25667,0.25624,0.25624,4866.0,9980377.0,-0.371,1122.154,0.212
DYDXUSDT,2025-01-02 22:45:00+09:00,1.536,1.536,1.535,1.535,608.9,21315860.6,-0.13,25939.038,-0.557
DYMUSDT,2025-01-02 22:45:00+09:00,1.442,1.442,1.441,1.441,449.9,3719988.9,-0.069,3255.146,0.058
EDUUSDT,2025-01-02 22:45:00+09:00,0.5611,0.5611,0.5611,0.5611,0.0,4310569.59999999,0.036,0.0,0.039
EGLDUSDT,2025-01-02 22:45:00+09:00,35.68,35.68,35.66,35.67,64.7,274670.26,0.056,1676.986,-1.294
EIGENUSDT,2025-01-02 22:45:00+09:00,3.8307,3.8307,3.8195,3.8206,1388.0,4606847.0,-0.762,9420.173,0.031
ENAUSDT,2025-01-02 22:45:00+09:00,1.0641,1.0641,1.0623,1.0637,25689.0,208699221.0,-0.282,8385.437,0.152
ENJUSDT,2025-01-02 22:45:00+09:00,0.2282,0.2282,0.2278,0.2278,3371.2,21523791.5,-0.219,2056.541,-0.621
ENSUSDT,2025-01-02 22:45:00+09:00,35.971,35.983,35.95,35.963,49.6,688563.8,-0.389,23558.468,0.234
EOSUSDT,2025-01-02 22:45:00+09:00,0.8277,0.8277,0.8269,0.827,3011.1,27614221.9,-0.314,11594.358,-0.804
ETCUSDT,2025-01-02 22:45:00+09:00,26.866,26.866,26.85,26.856,96.9,1659994.7,0.089,9580.599,0.496
ETHBTCUSDT,2025-01-02 22:45:00+09:00,0.03597,0.03597,0.035941,0.035941,29650.0,441924980.0,-0.312,2532.243,-0.051
ETHFIUSDT,2025-01-02 22:45:00+09:00,2.2563,2.2563,2.2536,2.2536,268.4,4679316.5,-0.106,20248.733,0.789
ETHUSDT,2025-01-02 22:45:00+09:00,3469.48,3469.48,3466.69,3467.41,78.36,1140911.36,-0.145,17308.589,-0.052
ETHWUSDT,2025-01-02 22:45:00+09:00,3.461,3.461,3.461,3.461,0.0,1057278.87,-0.029,0.0,-0.228
FARTCOINUSDT,2025-01-02 22:45:00+09:00,1.3943,1.3945,1.3909,1.392,85225.0,31235095.0,2.708,3519.924,2.299
FBUSDT,2025-01-02 22:45:00+09:00,3.117,3.117,3.117,3.117,29.1,298523.5,-0.192,21888.316,-2.927
FDUSDUSDT,2025-01-02 22:45:00+09:00,0.9982,0.9982,0.9982,0.9982,0.0,265442.0,-0.01,0.0,-0.193
FIDAUSDT,2025-01-02 22:45:00+09:00,0.2618,0.2624,0.2618,0.2624,10362.0,5832124.0,-0.343,353.889,0.46
FILUSDT,2025-01-02 22:45:00+09:00,5.287,5.287,5.282,5.282,357.8,7418843.5,-0.189,14081.61,0.127
FIOUSDT,2025-01-02 22:45:00+09:00,0.04378,0.04378,0.04378,0.04378,0.0,13261300.0,0.206,0.0,0.198
FIREUSDT,2025-01-02 22:45:00+09:00,0.4613,0.4624,0.4613,0.4623,1404.8,1365890.39999999,0.498,1646.654,-2.636
FLMUSDT,2025-01-02 22:45:00+09:00,0.07458,0.07458,0.07458,0.07458,0.0,16186340.0,0.08,0.0,0.154
FLOWUSDT,2025-01-02 22:45:00+09:00,0.7506,0.7506,0.7502,0.7504,83.4,10665155.69999999,-0.12,142914.988,-0.554
FLRUSDT,2025-01-02 22:45:00+09:00,0.02794,0.02794,0.02794,0.02794,0.0,123555110.0,-0.68,0.0,-0.669
FLUXUSDT,2025-01-02 22:45:00+09:00,0.6492,0.6492,0.6492,0.6492,0.0,1941251.0,0.262,0.0,7.755
FORTHUSDT,2025-01-02 22:45:00+09:00,5.4028,5.4034,5.3974,5.4034,878.3,223981.9,-0.126,403.962,-0.095
FOXYUSDT,2025-01-02 22:45:00+09:00,0.011476,0.011476,0.011476,0.011476,0.0,210032180.0,-0.436,0.0,-0.003
FTMUSDT,2025-01-02 22:45:00+09:00,0.8245,0.8247,0.8242,0.8246,7754.0,97176937.0,0.861,37018.971,-1.127
FTNUSDT,2025-01-02 22:45:00+09:00,3.5191,3.5191,3.5191,3.5191,2.3,226278.7,0.023,26769.565,0.545
FUELUSDT,2025-01-02 22:45:00+09:00,0.0682,0.06833,0.0681,0.06833,41410.0,50556920.0,-1.361,4382.927,1.319
FUSDT,2025-01-02 22:45:00+09:00,0.05249,0.05261,0.05249,0.05251,13926.0,34012974.0,0.095,1559.809,0.28
FWOGUSDT,2025-01-02 22:45:00+09:00,0.28715,0.28757,0.28699,0.28706,48542.0,27947017.0,2.975,955.016,5.023
FXSUSDT,2025-01-02 22:45:00+09:00,3.7945,3.801,3.7895,3.791,3738.91,1211218.64999999,-1.029,370.479,0.402
GALAUSDT,2025-01-02 22:45:00+09:00,0.03954,0.03967,0.03953,0.03961,2524746.0,1080797327.0,-0.328,1254.136,1.102
GASUSDT,2025-01-02 22:45:00+09:00,4.695,4.695,4.695,4.695,0.0,431514.2,-0.064,0.0,0.04
GEMSUSDT,2025-01-02 22:45:00+09:00,0.11321,0.11321,0.11295,0.11303,273.0,3285902.0,0.549,467.399,0.14
GIGAUSDT,2025-01-02 22:45:00+09:00,0.07983,0.07992,0.07974,0.07982,36410.0,37073740.0,-2.506,1719.528,0.636
GLMRUSDT,2025-01-02 22:45:00+09:00,0.2616,0.26165,0.26155,0.26155,2246.6,7389799.8,0.153,2276.133,0.599
GLMUSDT,2025-01-02 22:45:00+09:00,0.3849,0.38566,0.38483,0.38529,11722.0,10677449.0,-0.732,4727.572,-1.912
GMEUSDT,2025-01-02 22:45:00+09:00,0.003977,0.003977,0.003965,0.003965,56960.0,319332590.0,0.0,3585.744,-0.425
GMTUSDT,2025-01-02 22:45:00+09:00,0.1554,0.1554,0.1552,0.1552,322120.0,204006604.0,-0.515,2762.173,-2.729
GMXUSDT,2025-01-02 22:45:00+09:00,28.705,28.705,28.665,28.665,10.17,174649.81,-0.122,6737.955,-0.027
GNOUSDT,2025-01-02 22:45:00+09:00,284.7,284.7,284.6,284.66,0.418,1301.63799999,-0.299,10020.574,0.654
GOATUSDT,2025-01-02 22:45:00+09:00,0.5827,0.5827,0.5814,0.5816,62085.0,107638908.0,1.152,3500.282,1.188
GODSUSDT,2025-01-02 22:45:00+09:00,0.209,0.209,0.209,0.209,0.0,3680574.0,0.048,0.0,0.782
GOMININGUSDT,2025-01-02 22:45:00+09:00,0.4974,0.49775,0.4974,0.49775,10718.0,617929.0,-0.155,963.109,0.7
GRASSUSDT,2025-01-02 22:45:00+09:00,3.1746,3.1783,3.1721,3.1783,6348.0,16009950.0,-0.824,9769.928,-2.705
GRIFFAINUSDT,2025-01-02 22:45:00+09:00,0.40272,0.40294,0.39933,0.39971,166254.0,23683042.0,-3.698,648.42,-6.273
GRTUSDT,2025-01-02 22:45:00+09:00,0.22194,0.22194,0.22175,0.22175,7645.6,56781515.1,0.068,5371.641,-0.002
GTCUSDT,2025-01-02 22:45:00+09:00,0.787,0.787,0.787,0.787,0.0,2260685.0,-0.254,0.0,-0.452
GUSDT,2025-01-02 22:45:00+09:00,0.03099,0.031,0.03099,0.031,1840.0,31528180.0,-0.516,62977.174,-1.037
HBARUSDT,2025-01-02 22:45:00+09:00,0.29456,0.29456,0.29419,0.29439,51825.0,239205636.0,0.027,5241.991,-0.19
HFTUSDT,2025-01-02 22:45:00+09:00,0.2166,0.2166,0.2166,0.2166,0.0,11543517.0,-0.231,0.0,0.348
HIFIUSDT,2025-01-02 22:45:00+09:00,0.5585,0.5585,0.5578,0.5578,1397.0,3586973.0,0.645,17028.848,-1.435
HIGHUSDT,2025-01-02 22:45:00+09:00,1.4873,1.4873,1.4854,1.4855,310.5,1626511.0,-0.256,3512.496,-0.468
HIPPOUSDT,2025-01-02 22:45:00+09:00,0.00976,0.00976,0.00975,0.00975,90130.0,1013409020.0,0.308,13690.003,-0.167
HIVEUSDT,2025-01-02 22:45:00+09:00,0.354,0.354,0.3537,0.3537,20977.0,11384717.0,0.0,1274.024,0.734
HMSTRUSDT,2025-01-02 22:45:00+09:00,0.003275,0.003275,0.003269,0.003269,743260.0,2340377800.0,-0.673,4921.46,-1.1
HNTUSDT,2025-01-02 22:45:00+09:00,6.2,6.21,6.186,6.194,4126.17,920362.62,1.501,171.41,-0.665
HOOKUSDT,2025-01-02 22:45:00+09:00,0.4486,0.4486,0.4482,0.4484,10600.1,7977473.6,0.491,630.77,-0.786
HOTUSDT,2025-01-02 22:45:00+09:00,0.002497,0.002497,0.002494,0.002494,3400.0,980557700.0,0.12,220264.706,-0.222
HPOS10IUSDT,2025-01-02 22:45:00+09:00,0.1786,0.1786,0.1786,0.1786,0.0,15354123.0,-0.448,0.0,0.054
HYPEUSDT,2025-01-02 22:45:00+09:00,25.351,25.48,25.341,25.449,4515.24,3292892.22,-0.825,1158.581,-0.471
ICPUSDT,2025-01-02 22:45:00+09:00,10.729,10.729,10.724,10.727,68.3,3163602.2,0.019,17454.905,-0.011
ICXUSDT,2025-01-02 22:45:00+09:00,0.1922,0.1922,0.192,0.192,1067.0,12574574.0,0.0,13314.527,-0.515
IDEXUSDT,2025-01-02 22:45:00+09:00,0.06776,0.06776,0.06776,0.06776,0.0,13818170.0,-0.103,0.0,0.103
IDUSDT,2025-01-02 22:45:00+09:00,0.4592,0.4592,0.4592,0.4592,0.0,8126431.0,-0.109,0.0,2.694
ILVUSDT,2025-01-02 22:45:00+09:00,40.32,40.33,40.32,40.32,5.74,135010.04999999,0.099,7668.99,0.036
IMXUSDT,2025-01-02 22:45:00+09:00,1.3959,1.3959,1.3949,1.3952,238.1,9255088.0,0.079,23743.847,-0.486
INJUSDT,2025-01-02 22:45:00+09:00,21.932,21.932,21.919,21.927,99.6,2333446.9,-0.096,12441.566,-0.041
IOSTUSDT,2025-01-02 22:45:00+09:00,0.00684,0.006842,0.00684,0.006842,211.0,284583556.0,-0.19,816984.36,-0.058
IOTAUSDT,2025-01-02 22:45:00+09:00,0.3323,0.3323,0.3321,0.3322,11890.7,33981801.5,0.361,5307.922,0.646
IOTXUSDT,2025-01-02 22:45:00+09:00,0.0407,0.0407,0.04064,0.04064,1217.0,95981933.0,-0.148,15331.471,-0.12
IOUSDT,2025-01-02 22:45:00+09:00,3.533,3.537,3.532,3.536,575.8,3714117.9,-0.509,27270.406,-3.216
JASMYUSDT,2025-01-02 22:45:00+09:00,0.035483,0.035508,0.035483,0.035505,133815.0,511619639.0,-0.011,3545.172,0.423
JOEUSDT,2025-01-02 22:45:00+09:00,0.4007,0.4007,0.4005,0.4005,314.0,5001816.0,0.175,8410.51,0.131
JSTUSDT,2025-01-02 22:45:00+09:00,0.04002,0.04002,0.04002,0.04002,0.0,46490110.0,0.3,0.0,-0.049
JTOUSDT,2025-01-02 22:45:00+09:00,3.229,3.229,3.226,3.227,314.1,4076757.9,0.124,10509.901,0.38
JUPUSDT,2025-01-02 22:45:00+09:00,0.9097,0.9097,0.9088,0.909,1793.0,41546040.0,0.099,12810.541,0.075
KAIAUSDT,2025-01-02 22:45:00+09:00,0.2187,0.2187,0.2185,0.2185,11058.0,40110894.0,-0.229,17784.717,2.241
KASUSDT,2025-01-02 22:45:00+09:00,0.12348,0.12352,0.12339,0.12339,118180.0,427246590.0,0.211,3818.54,-0.19
KAVAUSDT,2025-01-02 22:45:00+09:00,0.4766,0.4766,0.4764,0.4764,3511.1,8924592.19999999,-0.021,1202.939,-0.108
KDAUSDT,2025-01-02 22:45:00+09:00,1.0168,1.0168,1.0165,1.0165,462.2,5362364.3,0.079,4606.859,0.469
KEYUSDT,2025-01-02 22:45:00+09:00,0.001132,0.0011375,0.001132,0.0011375,117400.0,1428534200.0,1.275,25363.203,0.602
KMNOUSDT,2025-01-02 22:45:00+09:00,0.15983,0.15992,0.15976,0.15987,13580.0,27694390.0,-0.525,5052.872,0.404
KNCUSDT,2025-01-02 22:45:00+09:00,0.5677,0.5677,0.5672,0.5672,548.1,3929917.7,-0.071,3789.29,-0.295
KOMAUSDT,2025-01-02 22:45:00+09:00,0.12314,0.12314,0.12291,0.12292,31775.0,26563654.0,-0.203,3464.186,2.592
KSMUSDT,2025-01-02 22:45:00+09:00,34.48,34.49,34.44,34.44,159.67,224297.28,0.465,1170.627,-0.116
L3USDT,2025-01-02 22:45:00+09:00,0.092,0.09209,0.092,0.09207,1190.0,31035230.0,1.195,27411.765,1.574
LAIUSDT,2025-01-02 22:45:00+09:00,0.01418,0.01418,0.01418,0.01418,0.0,217447160.0,-0.282,0.0,-0.518
LDOUSDT,2025-01-02 22:45:00+09:00,1.9105,1.911,1.9065,1.907,13020.5,25671939.8,-1.18,2037.326,-0.752
LEVERUSDT,2025-01-02 22:45:00+09:00,0.001838,0.001838,0.001838,0.001838,10900.0,1028319500.0,0.054,39034.862,-0.212
LINAUSDT,2025-01-02 22:45:00+09:00,0.005341,0.005341,0.005341,0.005341,1280.0,641502650.0,0.225,192683.594,0.106
LINKUSDT,2025-01-02 22:45:00+09:00,22.589,22.589,22.57,22.575,1246.5,8215554.9,-0.168,3389.009,-0.145
LISTAUSDT,2025-01-02 22:45:00+09:00,0.4351,0.4353,0.435,0.435,2340.0,3882107.0,-0.092,1229.53,0.336
LITUSDT,2025-01-02 22:45:00+09:00,0.9722,0.9722,0.9717,0.9717,992.3,1587540.4,0.257,1869.636,0.258
LOOKSUSDT,2025-01-02 22:45:00+09:00,0.06309,0.06309,0.06302,0.06302,8177.5,97417405.2,-0.444,2461.422,0.039
LPTUSDT,2025-01-02 22:45:00+09:00,15.839,15.842,15.805,15.815,117.9,614926.3,0.202,5311.874,-1.04
LQTYUSDT,2025-01-02 22:45:00+09:00,1.9556,1.9629,1.9556,1.9629,5188.5,1148668.89999999,1.737,749.253,2.076
LRCUSDT,2025-01-02 22:45:00+09:00,0.2104,0.2104,0.2103,0.2103,3457.9,14319401.4,0.0,2027.615,0.606
LSKUSDT,2025-01-02 22:45:00+09:00,0.9628,0.963,0.9628,0.963,1296.9,990761.8,-0.114,653.312,0.692
LTCUSDT,2025-01-02 22:45:00+09:00,107.4,107.4,107.29,107.31,177.0,1060400.39999999,-0.494,4952.655,-1.449
LTOUSDT,2025-01-02 22:45:00+09:00,0.1573,0.1573,0.1573,0.1573,0.0,2141106.0,0.127,0.0,0.141
LUCEUSDT,2025-01-02 22:45:00+09:00,0.0486,0.0487,0.0481,0.0483,510144.0,73708362.0,-6.211,361.678,0.6
LUMIAUSDT,2025-01-02 22:45:00+09:00,1.419,1.42,1.419,1.419,365.9,2241433.9,-0.211,7734.627,0.441
LUNA2USDT,2025-01-02 22:45:00+09:00,0.4442,0.4442,0.444,0.444,451.9,8826337.1,-0.18,17659.748,-0.099
MAGICUSDT,2025-01-02 22:45:00+09:00,0.5257,0.5266,0.5256,0.5265,10445.0,7343590.0,1.975,15264.059,-0.565
MAJORUSDT,2025-01-02 22:45:00+09:00,0.601,0.601,0.6006,0.6006,751.8,5292283.8,0.233,2749.548,-0.253
MANAUSDT,2025-01-02 22:45:00+09:00,0.5089,0.5089,0.5084,0.5084,4942.8,20974356.0,0.079,6399.039,-0.753
MANEKIUSDT,2025-01-02 22:45:00+09:00,0.005214,0.005214,0.005212,0.005212,1000.0,317706500.0,0.192,346360.0,1.073
MANTAUSDT,2025-01-02 22:45:00+09:00,0.8976,0.8978,0.8964,0.8964,942.9,8905796.6,-0.413,13197.55,0.356
MASAUSDT,2025-01-02 22:45:00+09:00,0.16428,0.16428,0.16408,0.16408,6417.0,19412653.0,-1.908,7434.206,-1.015
MASKUSDT,2025-01-02 22:45:00+09:00,3.048,3.049,3.048,3.048,79.2,4964565.4,0.033,15386.364,0.082
MAVIAUSDT,2025-01-02 22:45:00+09:00,1.156,1.156,1.155,1.155,330.2,6022297.8,0.0,3134.464,-0.032
MAVUSDT,2025-01-02 22:45:00+09:00,0.2166,0.2166,0.2164,0.2164,983.0,8279483.0,-0.046,2636.724,-0.446
MAXUSDT,2025-01-02 22:45:00+09:00,0.20918,0.20918,0.20903,0.20903,1594.0,4591482.0,0.277,3876.976,0.142
MBLUSDT,2025-01-02 22:45:00+09:00,0.003281,0.003281,0.003281,0.003281,0.0,293607000.0,0.213,0.0,-0.002
MBOXUSDT,2025-01-02 22:45:00+09:00,0.2043,0.2043,0.2041,0.2041,75.0,6371478.0,0.0,144410.667,-1.085
MDTUSDT,2025-01-02 22:45:00+09:00,0.06196,0.06196,0.06189,0.06189,560.0,21271910.0,0.291,46055.357,0.865
MEMEFIUSDT,2025-01-02 22:45:00+09:00,0.005117,0.005117,0.005115,0.005116,17000.0,795339600.0,-0.098,37476.471,-1.215
MEMEUSDT,2025-01-02 22:45:00+09:00,0.01126,0.01126,0.01125,0.01125,126410.0,845301750.0,-0.267,9151.721,-0.89
MERLUSDT,2025-01-02 22:45:00+09:00,0.2896,0.2897,0.2896,0.2897,267.6,17594518.3,0.138,15437.332,-0.247
METISUSDT,2025-01-02 22:45:00+09:00,45.08,45.1,45.04,45.04,18.39,67755.83,-0.089,2525.721,-0.177
MEUSDT,2025-01-02 22:45:00+09:00,3.1892,3.1892,3.186,3.1862,780.0,3803048.0,0.264,9879.744,1.273
MEWUSDT,2025-01-02 22:45:00+09:00,0.006731,0.006731,0.006728,0.006729,161200.0,2555116200.0,-0.119,10763.648,-0.125
MINAUSDT,2025-01-02 22:45:00+09:00,0.6227,0.623,0.622,0.6221,2290.5,8748556.19999999,0.129,2351.15,-0.714
MKRUSDT,2025-01-02 22:45:00+09:00,1560.2,1560.6,1559.3,1559.4,1.808,10453.82699999,0.006,2697.843,0.088
MNTUSDT,2025-01-02 22:45:00+09:00,1.3574,1.3609,1.3574,1.3598,55171.0,26737235.0,-2.236,1593.0,-2.264
MOBILEUSDT,2025-01-02 22:45:00+09:00,0.0009635,0.0009642,0.0009629,0.0009632,1175700.0,849531100.0,0.55,494.488,-1.968
MOCAUSDT,2025-01-02 22:45:00+09:00,0.26024,0.26039,0.26006,0.26006,40436.0,66588499.0,0.95,7080.374,-1.604
MONUSDT,2025-01-02 22:45:00+09:00,0.11562,0.11562,0.11547,0.11562,922.0,3834594.0,-0.701,9016.594,0.356
MOODENGUSDT,2025-01-02 22:45:00+09:00,0.28861,0.28884,0.28839,0.28839,67083.0,78983832.0,-1.144,951.8,0.115
MORPHOUSDT,2025-01-02 22:45:00+09:00,3.3161,3.3165,3.3127,3.3129,630.0,2865738.0,1.983,8898.254,-0.293
MOTHERUSDT,2025-01-02 22:45:00+09:00,0.037881,0.037881,0.037839,0.037855,13590.0,94566950.0,0.158,14539.735,-0.215
MOVEUSDT,2025-01-02 22:45:00+09:00,0.8928,0.8929,0.8912,0.8928,25181.0,22288703.0,0.325,1856.781,0.407
MOVRUSDT,2025-01-02 22:45:00+09:00,13.274,13.274,13.252,13.252,17.9,263774.9,0.075,2203.352,-0.139
MTLUSDT,2025-01-02 22:45:00+09:00,1.1725,1.1725,1.1712,1.1712,1185.4,1432756.1,-0.051,1276.227,0.649
MVLUSDT,2025-01-02 22:45:00+09:00,0.004294,0.004294,0.004294,0.004294,0.0,93986800.0,-0.116,0.0,-0.776
MYRIAUSDT,2025-01-02 22:45:00+09:00,0.002311,0.002314,0.002311,0.002314,91180.0,982456720.0,0.605,10491.917,0.409
MYROUSDT,2025-01-02 22:45:00+09:00,0.06962,0.06975,0.06962,0.06974,36390.0,139231270.0,-0.746,3575.32,0.349
NEARUSDT,2025-01-02 22:45:00+09:00,5.5,5.5,5.498,5.499,640.5,13108288.6,-0.346,12837.237,0.017
NEIROETHUSDT,2025-01-02 22:45:00+09:00,0.04363,0.04363,0.04357,0.04357,23385.0,238492769.0,-0.298,4739.735,-0.165
NEOUSDT,2025-01-02 22:45:00+09:00,14.676,14.676,14.656,14.656,28.6,663728.05,-0.321,28655.664,-0.952
NFPUSDT,2025-01-02 22:45:00+09:00,0.308,0.308,0.3078,0.3078,15679.8,7195256.0,-0.032,490.515,0.832
NKNUSDT,2025-01-02 22:45:00+09:00,0.09788,0.09789,0.09787,0.09787,29342.0,6968496.0,0.051,371.897,-0.569
NMRUSDT,2025-01-02 22:45:00+09:00,16.467,16.468,16.456,16.468,62.9,120853.8,-0.267,2907.313,-1.176
NOTUSDT,2025-01-02 22:45:00+09:00,0.006632,0.006632,0.006626,0.006628,760890.0,3816168550.0,0.211,3658.157,0.014
NSUSDT,2025-01-02 22:45:00+09:00,0.2866,0.2874,0.2852,0.2856,46352.0,10855580.0,-1.19,291.077,0.364
NTRNUSDT,2025-01-02 22:45:00+09:00,0.3771,0.3772,0.3771,0.3772,23.0,4486473.0,-0.08,88078.261,-0.107
NULSUSDT,2025-01-02 22:45:00+09:00,0.4058,0.4058,0.4058,0.4058,0.0,1305236.0,0.074,0.0,0.423
NYANUSDT,2025-01-02 22:45:00+09:00,0.08676,0.08687,0.08676,0.08681,913.0,13745556.0,0.092,13338.445,-0.263
OGNUSDT,2025-01-02 22:45:00+09:00,0.1249,0.1249,0.1248,0.1249,5881.0,19263698.0,-0.48,3483.914,-1.757
OGUSDT,2025-01-02 22:45:00+09:00,4.9526,4.9526,4.9504,4.9504,3.0,289485.3,-0.412,90786.667,-0.079
OLUSDT,2025-01-02 22:45:00+09:00,0.21634,0.21665,0.21623,0.21655,68964.0,15801939.0,-0.102,174.884,0.755
OMGUSDT,2025-01-02 22:45:00+09:00,0.3444,0.3444,0.3444,0.3444,0.0,5873647.5,-0.203,0.0,-0.514
OMNIUSDT,2025-01-02 22:45:00+09:00,8.645,8.645,8.63,8.63,97.81,264551.55,-0.035,3866.967,-0.979
OMUSDT,2025-01-02 22:45:00+09:00,3.8241,3.8249,3.822,3.822,1064.0,3415276.0,0.327,2053.947,-0.662
ONDOUSDT,2025-01-02 22:45:00+09:00,1.5115,1.5135,1.5112,1.5117,12049.0,73170772.0,0.291,11175.151,-0.404
ONEUSDT,2025-01-02 22:45:00+09:00,0.02909,0.02909,0.02906,0.02906,22269.0,192686101.0,-0.034,5127.451,-0.776
ONGUSDT,2025-01-02 22:45:00+09:00,0.3304,0.3304,0.3304,0.3304,0.0,3213051.0,-0.151,0.0,0.045
ONTUSDT,2025-01-02 22:45:00+09:00,0.24355,0.24365,0.24355,0.2436,64.0,9285387.0,-0.062,77771.875,0.101
OPUSDT,2025-01-02 22:45:00+09:00,1.8779,1.8779,1.8748,1.8748,5831.3,23550494.7,-0.304,4597.874,-1.256
ORBSUSDT,2025-01-02 22:45:00+09:00,0.02796,0.02796,0.02796,0.02796,2810.0,104035740.0,0.0,8659.786,-0.236
ORCAUSDT,2025-01-02 22:45:00+09:00,4.076,4.076,4.072,4.072,189.5,622521.9,0.221,8263.958,0.559
ORDERUSDT,2025-01-02 22:45:00+09:00,0.2372,0.2375,0.2371,0.2375,9181.0,13446030.0,0.379,1510.239,-0.527
ORDIUSDT,2025-01-02 22:45:00+09:00,28.582,28.582,28.557,28.557,144.14,1600442.41,0.179,32112.245,0.574
OSMOUSDT,2025-01-02 22:45:00+09:00,0.4582,0.4584,0.4582,0.4584,784.0,2028331.0,-0.676,558.673,0.329
OXTUSDT,2025-01-02 22:45:00+09:00,0.12223,0.12226,0.12223,0.12226,3170.0,15389800.0,-0.074,2571.293,0.3
PAXGUSDT,2025-01-02 22:45:00+09:00,2648.0,2648.0,2648.0,2648.0,0.0,1415.646,0.0,0.0,0.06
PEAQUSDT,2025-01-02 22:45:00+09:00,0.682,0.6824,0.6818,0.6818,897.0,14691607.0,0.719,26165.217,1.512
PENDLEUSDT,2025-01-02 22:45:00+09:00,5.3607,5.3607,5.3542,5.3554,1391.0,3659445.0,-0.179,2452.983,0.836
PENGUSDT,2025-01-02 22:45:00+09:00,0.1159,0.1159,0.1159,0.1159,0.0,17229052.0,0.431,0.0,-0.398
PENGUUSDT,2025-01-02 22:45:00+09:00,0.03821,0.03824,0.03817,0.03817,628980.0,993143490.0,-1.834,3476.68,0.998
PEOPLEUSDT,2025-01-02 22:45:00+09:00,0.04709,0.04709,0.04707,0.04707,9373.0,171786558.0,-0.382,28607.479,-0.114
PERPUSDT,2025-01-02 22:45:00+09:00,0.8336,0.8336,0.8321,0.8321,2011.0,3437356.0,-0.168,288.861,0.061
PHAUSDT,2025-01-02 22:45:00+09:00,0.37864,0.3789,0.37797,0.37841,157834.0,22773332.0,1.763,651.599,-4.275
PHBUSDT,2025-01-02 22:45:00+09:00,1.7339,1.7339,1.7281,1.7281,532.0,1474311.0,-0.168,2036.654,-0.023
PIRATEUSDT,2025-01-02 22:45:00+09:00,0.1443,0.1443,0.1443,0.1443,63.0,10714065.0,-0.208,63530.159,0.197
PIXELUSDT,2025-01-02 22:45:00+09:00,0.1726,0.1726,0.1725,0.1725,589.0,21974513.0,0.232,26905.603,1.019
PNUTUSDT,2025-01-02 22:45:00+09:00,0.7051,0.7053,0.7045,0.7047,11888.0,42062905.0,-0.014,10508.387,-0.089
POLUSDT,2025-01-02 22:45:00+09:00,0.4923,0.4925,0.4922,0.4924,4110.0,69023186.0,0.0,9050.049,0.02
POLYXUSDT,2025-01-02 22:45:00+09:00,0.2794,0.2794,0.2793,0.2793,24.0,6400330.0,-0.107,341200.0,3.396
PONKEUSDT,2025-01-02 22:45:00+09:00,0.35476,0.35487,0.35421,0.35421,7470.0,21769519.0,-0.277,6158.059,-0.277
POPCATUSDT,2025-01-02 22:45:00+09:00,0.877,0.8776,0.8743,0.8753,105139.0,161383795.0,-1.691,905.54,0.02
PORTALUSDT,2025-01-02 22:45:00+09:00,0.3381,0.3382,0.338,0.338,913.8,9580167.0,0.059,8348.085,-0.067
POWRUSDT,2025-01-02 22:45:00+09:00,0.2668,0.2668,0.2667,0.2667,155.0,13333808.0,0.187,133434.839,0.343
PRCLUSDT,2025-01-02 22:45:00+09:00,0.3729,0.3729,0.3722,0.3725,2673.0,12885150.0,-0.456,3532.099,0.429
PRIMEUSDT,2025-01-02 22:45:00+09:00,14.732,14.768,14.731,14.739,573.2,418014.2,-0.332,379.588,-2.439
PROMUSDT,2025-01-02 22:45:00+09:00,6.437,6.437,6.437,6.437,0.0,98882.0,-0.031,0.0,0.003
PROSUSDT,2025-01-02 22:45:00+09:00,0.5845,0.5845,0.5841,0.5841,181.0,1149391.0,-0.223,5886.188,1.056
PUFFERUSDT,2025-01-02 22:45:00+09:00,0.7368,0.7368,0.7361,0.7363,4042.0,13989904.0,0.448,2545.522,-0.143
PYRUSDT,2025-01-02 22:45:00+09:00,3.148,3.148,3.144,3.144,190.0,330416.0,0.191,2100.526,-1.497
PYTHUSDT,2025-01-02 22:45:00+09:00,0.3768,0.3768,0.3764,0.3764,11751.0,54381395.0,0.319,2137.146,-0.501
QIUSDT,2025-01-02 22:45:00+09:00,0.01714,0.01714,0.01714,0.01714,0.0,40480810.0,0.35,0.0,0.401
QNTUSDT,2025-01-02 22:45:00+09:00,114.47,114.47,114.34,114.34,17.82,48075.4,0.359,1830.808,-0.998
QTUMUSDT,2025-01-02 22:45:00+09:00,3.225,3.226,3.223,3.223,375.6,2061125.3,-0.062,1205.059,-0.114
QUICKUSDT,2025-01-02 22:45:00+09:00,0.045,0.045,0.045,0.045,0.0,11648660.0,0.2,0.0,0.213
RADUSDT,2025-01-02 22:45:00+09:00,1.365,1.365,1.364,1.364,404.4,774057.9,0.367,1341.222,-0.811
RAREUSDT,2025-01-02 22:45:00+09:00,0.1194,0.1194,0.1194,0.1194,20859.0,20003554.0,-0.251,1149.058,0.64
RAYDIUMUSDT,2025-01-02 22:45:00+09:00,5.4596,5.4642,5.4596,5.4625,112.6,1774889.6,0.831,3172.114,0.442
RDNTUSDT,2025-01-02 22:45:00+09:00,0.06224,0.06227,0.06218,0.06218,3508.0,43617635.0,0.129,13610.519,0.763
REEFUSDT,2025-01-02 22:45:00+09:00,0.001123,0.001123,0.001123,0.001123,4130370.0,6838765900.0,-0.712,528.047,0.034
RENDERUSDT,2025-01-02 22:45:00+09:00,7.672,7.675,7.669,7.675,339.9,5063889.59999999,0.091,7346.514,0.052
RENUSDT,2025-01-02 22:45:00+09:00,0.03261,0.03261,0.03255,0.03255,4993.3,56894579.8,-0.522,6024.104,-0.495
REQUSDT,2025-01-02 22:45:00+09:00,0.13187,0.13198,0.13187,0.13198,2317.0,10102676.0,-0.197,8542.512,1.917
REZUSDT,2025-01-02 22:45:00+09:00,0.03819,0.03819,0.03816,0.03816,18160.0,67934410.0,0.0,2093.276,0.046
RIFSOLUSDT,2025-01-02 22:45:00+09:00,0.06719,0.06811,0.06705,0.06791,289321.0,102667500.0,-1.929,1247.297,-1.095
RIFUSDT,2025-01-02 22:45:00+09:00,0.10786,0.1079,0.10786,0.1079,8180.0,11499316.0,0.0,3181.467,-3.859
RLCUSDT,2025-01-02 22:45:00+09:00,2.3565,2.3565,2.3548,2.356,575.4,768927.4,-1.218,1134.567,0.263
RONUSDT,2025-01-02 22:45:00+09:00,1.954,1.954,1.953,1.953,832.0,1671363.7,0.102,468.137,0.197
ROSEUSDT,2025-01-02 22:45:00+09:00,0.08649,0.08649,0.08642,0.08645,19323.0,72804157.0,-0.093,1194.354,0.189
RPLUSDT,2025-01-02 22:45:00+09:00,12.135,12.145,12.135,12.135,5.63,98160.88,-0.247,26135.524,-0.817
RSRUSDT,2025-01-02 22:45:00+09:00,0.014984,0.014984,0.014947,0.014953,175840.0,531378310.0,-0.087,5159.548,0.711
RSS3USDT,2025-01-02 22:45:00+09:00,0.13685,0.13694,0.13673,0.13693,5153.0,10595660.0,0.029,1093.79,-0.848
RUNEUSDT,2025-01-02 22:45:00+09:00,4.882,4.882,4.876,4.878,543.3,6160268.7,0.082,10373.109,0.782
RVNUSDT,2025-01-02 22:45:00+09:00,0.02216,0.02216,0.02216,0.02216,170620.0,184366161.0,0.135,344.76,0.506
SAFEUSDT,2025-01-02 22:45:00+09:00,1.0451,1.0451,1.0451,1.0451,0.0,2921193.8,-0.297,0.0,0.893
SAGAUSDT,2025-01-02 22:45:00+09:00,1.5381,1.5381,1.5371,1.5371,1661.9,3462457.1,-0.423,1711.36,0.82
SANDUSDT,2025-01-02 22:45:00+09:00,0.5912,0.5912,0.5906,0.5909,39526.0,45912985.0,-0.186,1478.055,0.549
SCAUSDT,2025-01-02 22:45:00+09:00,0.2899,0.2899,0.2898,0.2898,32.5,2364797.29999999,0.069,36211.077,-0.313
SCRTUSDT,2025-01-02 22:45:00+09:00,0.5233,0.5233,0.5219,0.5219,4439.8,4514585.59999999,-0.977,2807.827,-0.429
SCRUSDT,2025-01-02 22:45:00+09:00,1.012,1.012,1.012,1.012,2193.5,7846298.6,-0.692,3356.376,0.501
SCUSDT,2025-01-02 22:45:00+09:00,0.005543,0.005543,0.005543,0.005543,1020.0,462587860.0,-0.235,157287.255,-0.307
SDUSDT,2025-01-02 22:45:00+09:00,1.2069,1.2086,1.2069,1.2082,1173.0,1504581.0,0.811,4122.762,-5.906
SEIUSDT,2025-01-02 22:45:00+09:00,0.4366,0.4366,0.436,0.436,14453.0,125531550.0,0.092,6793.337,0.413
SENDUSDT,2025-01-02 22:45:00+09:00,2.2231,2.2232,2.2225,2.2226,64.0,1206181.0,0.729,7114.062,1.5
SFPUSDT,2025-01-02 22:45:00+09:00,0.7515,0.752,0.7515,0.752,10.3,4198651.3,-0.066,97683.495,-0.184
SHIB1000USDT,2025-01-02 22:45:00+09:00,0.022759,0.02276,0.02273,0.02273,272190.0,2182461790.0,-0.079,17966.362,-0.942
SILLYUSDT,2025-01-02 22:45:00+09:00,0.01044,0.01044,0.01044,0.01044,0.0,160670576.0,-0.479,0.0,1.073
SKLUSDT,2025-01-02 22:45:00+09:00,0.05025,0.05025,0.05021,0.05022,3446.0,36173799.0,-0.319,3814.974,-0.147
SLERFUSDT,2025-01-02 22:45:00+09:00,0.1807,0.1807,0.1805,0.1805,6394.0,19009987.0,-0.055,2444.119,-0.739
SLFUSDT,2025-01-02 22:45:00+09:00,0.3402,0.3402,0.3402,0.3402,0.0,3919857.0,-0.088,0.0,1.06
SLPUSDT,2025-01-02 22:45:00+09:00,0.003934,0.003935,0.00393,0.00393,124400.0,685916900.0,0.254,692.653,0.14
SNTUSDT,2025-01-02 22:45:00+09:00,0.04344,0.04344,0.04344,0.04344,0.0,70047340.0,0.184,0.0,0.197
SNXUSDT,2025-01-02 22:45:00+09:00,2.119,2.12,2.119,2.119,210.4,4861983.59999999,-0.613,13158.935,0.628
SOLOUSDT,2025-01-02 22:45:00+09:00,0.5615,0.5621,0.5602,0.5611,20509.0,3622810.0,-0.053,2581.091,-2.841
SOLUSDT,2025-01-02 22:45:00+09:00,208.27,208.27,208.16,208.23,706.1,5460158.09999999,-0.178,5074.196,-0.284
SPECUSDT,2025-01-02 22:45:00+09:00,10.573,10.573,10.547,10.554,105.22,670669.77,2.047,4039.023,1.562
SPELLUSDT,2025-01-02 22:45:00+09:00,0.0007855,0.0007856,0.0007851,0.0007851,16240.0,1318339300.0,0.051,61599.815,0.195
SPXUSDT,2025-01-02 22:45:00+09:00,0.937,0.9371,0.9358,0.9358,1879.0,10137216.0,0.769,12397.818,-3.043
SSVUSDT,2025-01-02 22:45:00+09:00,25.955,25.955,25.895,25.895,129.94,123173.82,-0.154,2482.015,0.943
STEEMUSDT,2025-01-02 22:45:00+09:00,0.2466,0.2466,0.2463,0.2463,4933.0,29414035.0,0.731,14445.996,1.245
STGUSDT,2025-01-02 22:45:00+09:00,0.4002,0.4004,0.3999,0.4004,45513.8,12759795.0,-1.024,3204.73,4.828
STMXUSDT,2025-01-02 22:45:00+09:00,0.005705,0.005705,0.005693,0.005703,2299735.0,622922980.0,0.0,955.408,-0.368
STORJUSDT,2025-01-02 22:45:00+09:00,0.5031,0.5031,0.5026,0.5026,393.9,12603844.5,0.139,11541.356,-0.267
STPTUSDT,2025-01-02 22:45:00+09:00,0.05676,0.05676,0.05676,0.05676,0.0,43134160.0,0.159,0.0,0.558
STRKUSDT,2025-01-02 22:45:00+09:00,0.5044,0.5044,0.5041,0.5041,5399.3,69514700.3,-0.079,8185.165,0.161
STXUSDT,2025-01-02 22:45:00+09:00,1.6586,1.6586,1.6561,1.6571,7146.4,18548369.7,0.284,2119.879,0.124
SUIUSDT,2025-01-02 22:45:00+09:00,4.4081,4.4094,4.4049,4.4055,27520.0,42693270.0,0.266,1924.455,-0.447
SUNDOGUSDT,2025-01-02 22:45:00+09:00,0.10515,0.10521,0.10511,0.10514,19980.0,83020816.0,0.057,8775.601,-0.186
SUNUSDT,2025-01-02 22:45:00+09:00,0.026133,0.026136,0.026128,0.026136,11240.0,104092260.0,0.065,27949.021,0.087
SUPERUSDT,2025-01-02 22:45:00+09:00,1.5229,1.5229,1.5212,1.5212,78.0,7010428.0,-0.289,26633.333,0.278
SUSHIUSDT,2025-01-02 22:45:00+09:00,1.4752,1.4752,1.4736,1.4736,1837.6,8538972.3,-0.197,4515.357,-0.387
SWEATUSDT,2025-01-02 22:45:00+09:00,0.00756,0.00756,0.00756,0.00756,1700.0,139570580.0,0.119,47072.353,1.014
SWELLUSDT,2025-01-02 22:45:00+09:00,0.03486,0.03486,0.03479,0.03479,22090.0,129791580.0,0.575,2965.369,-0.32
SXPUSDT,2025-01-02 22:45:00+09:00,0.3283,0.3285,0.3282,0.3285,15200.3,20370329.8,0.091,1097.155,1.232
SYNUSDT,2025-01-02 22:45:00+09:00,0.6559,0.6563,0.6556,0.6556,2061.0,3411902.0,-0.29,1840.757,-0.516
SYSUSDT,2025-01-02 22:45:00+09:00,0.1194,0.1194,0.1193,0.1193,962.0,4111691.0,0.0,7333.472,-0.529
TAIKOUSDT,2025-01-02 22:45:00+09:00,1.6971,1.6976,1.6967,1.6976,1602.3,3537346.2,0.059,1294.583,0.106
TAIUSDT,2025-01-02 22:45:00+09:00,0.38357,0.38484,0.38231,0.38431,40818.0,17088471.0,-0.96,229.541,-1.218
TAOUSDT,2025-01-02 22:45:00+09:00,528.27,528.38,527.89,527.97,41.39,133481.185,-0.432,3464.994,0.399
THETAUSDT,2025-01-02 22:45:00+09:00,2.4292,2.4319,2.4284,2.4301,3520.2,5775122.9,0.399,8966.982,-0.968
THEUSDT,2025-01-02 22:45:00+09:00,1.6244,1.6244,1.6225,1.6231,1817.0,2608506.0,0.875,5914.199,0.401
TIAUSDT,2025-01-02 22:45:00+09:00,5.134,5.134,5.129,5.129,1250.7,16809278.8,-0.214,11010.602,0.049
TLMUSDT,2025-01-02 22:45:00+09:00,0.014285,0.014287,0.01428,0.014284,2755.0,66887253.0,-0.091,23995.753,0.217
TNSRUSDT,2025-01-02 22:45:00+09:00,0.467,0.4672,0.467,0.467,1126.6,5108576.0,0.15,4182.505,0.273
TOKENUSDT,2025-01-02 22:45:00+09:00,0.06864,0.06879,0.06864,0.06869,49640.0,150755010.0,-2.082,1148.388,-0.472
TONUSDT,2025-01-02 22:45:00+09:00,5.6518,5.6553,5.6505,5.6549,1814.9,14426194.3,-0.039,1311.301,0.121
TRBUSDT,2025-01-02 22:45:00+09:00,65.35,65.35,65.32,65.32,158.0,607709.8,-0.168,601.063,-0.018
TROYUSDT,2025-01-02 22:45:00+09:00,0.007798,0.007821,0.007766,0.007796,9956200.0,886322200.0,-0.513,507.718,4.083
TRUUSDT,2025-01-02 22:45:00+09:00,0.09234,0.09239,0.09229,0.09229,3687.0,18284791.0,0.303,2343.83,0.948
TRXUSDT,2025-01-02 22:45:00+09:00,0.26377,0.26379,0.2637,0.26375,33445.0,182959785.0,0.633,6696.902,0.072
TUSDT,2025-01-02 22:45:00+09:00,0.0281,0.02811,0.0281,0.0281,3930.0,38299600.0,-0.107,4083.969,0.374
TWTUSDT,2025-01-02 22:45:00+09:00,1.2393,1.2397,1.2391,1.2393,51.7,7056972.7,-0.178,44900.193,-0.286
UMAUSDT,2025-01-02 22:45:00+09:00,2.802,2.802,2.801,2.801,644.7,1474776.5,0.25,1034.59,-0.118
UNIUSDT,2025-01-02 22:45:00+09:00,14.402,14.404,14.394,14.395,1045.3,3657233.8,-0.514,1406.123,0.17
UROUSDT,2025-01-02 22:45:00+09:00,0.07756,0.0776,0.07734,0.07748,32060.0,43205670.0,-1.91,19103.743,-0.033
USDCUSDT,2025-01-02 22:45:00+09:00,1.0008,1.0008,1.0008,1.0008,0.0,6716494.0,0.0,0.0,0.043
USDEUSDT,2025-01-02 22:45:00+09:00,0.9985,0.9985,0.9985,0.9985,0.0,2578676.0,-0.02,0.0,0.149
USTCUSDT,2025-01-02 22:45:00+09:00,0.02061,0.02061,0.02059,0.02059,1040.0,79947850.0,0.097,73239.423,1.525
USUALUSDT,2025-01-02 22:45:00+09:00,1.0084,1.0091,1.0063,1.007,72036.0,41603951.0,0.993,902.12,0.064
UXLINKUSDT,2025-01-02 22:45:00+09:00,1.4604,1.4626,1.4594,1.4626,17150.0,15274744.0,0.499,7895.487,-1.408
VANAUSDT,2025-01-02 22:45:00+09:00,16.662,16.67,16.655,16.656,242.39,1321363.29,-0.198,6360.081,-0.998
VANRYUSDT,2025-01-02 22:45:00+09:00,0.12284,0.12284,0.12268,0.12268,24513.0,38268448.0,-0.196,1787.786,0.395
VELODROMEUSDT,2025-01-02 22:45:00+09:00,0.17615,0.17615,0.17584,0.17584,3239.0,19395316.0,0.409,16436.585,0.845
VELOUSDT,2025-01-02 22:45:00+09:00,0.028669,0.028671,0.028645,0.028671,45590.0,217757180.0,0.572,3486.532,0.16
VETUSDT,2025-01-02 22:45:00+09:00,0.048,0.048,0.04791,0.04791,56111.0,360408751.0,0.313,5711.096,-0.05
VIDTUSDT,2025-01-02 22:45:00+09:00,0.03404,0.03407,0.03401,0.03401,29210.0,34187120.0,0.0,768.162,0.868
VIRTUALUSDT,2025-01-02 22:45:00+09:00,4.648,4.6532,4.6437,4.6437,16240.0,23183732.0,-1.034,8942.734,1.012
VOXELUSDT,2025-01-02 22:45:00+09:00,0.1855,0.1855,0.1855,0.1855,0.0,3366011.0,0.27,0.0,-0.201
VRAUSDT,2025-01-02 22:45:00+09:00,0.004176,0.004176,0.004174,0.004174,341900.0,964585300.0,-0.527,1034.104,0.009
VTHOUSDT,2025-01-02 22:45:00+09:00,0.002779,0.002779,0.002779,0.002779,1163200.0,192284900.0,0.144,84.199,-0.905
WAVESUSDT,2025-01-02 22:45:00+09:00,1.569,1.569,1.5675,1.568,585.1,4240960.8,0.096,2416.117,0.571
WAXPUSDT,2025-01-02 22:45:00+09:00,0.04248,0.04248,0.04245,0.04245,5020.0,28606180.0,0.071,8797.61,0.993
WIFUSDT,2025-01-02 22:45:00+09:00,2.0272,2.0287,2.024,2.024,19299.0,68267463.0,-0.588,3369.397,-0.124
WLDUSDT,2025-01-02 22:45:00+09:00,2.319,2.319,2.317,2.317,5266.6,28348100.7,0.0,4750.777,0.828
WOOUSDT,2025-01-02 22:45:00+09:00,0.2224,0.2225,0.2223,0.2223,117.6,19668658.0,0.045,110952.806,0.739
WUSDT,2025-01-02 22:45:00+09:00,0.3135,0.3135,0.3115,0.312,239469.6,51897750.1,-1.827,86.145,-0.423
XAIUSDT,2025-01-02 22:45:00+09:00,0.2554,0.2554,0.255,0.255,12244.0,33519380.0,-0.118,4951.225,0.265
XCHUSDT,2025-01-02 22:45:00+09:00,24.72,24.74,24.63,24.63,104.3,183887.99,0.284,431.17,0.098
XCNUSDT,2025-01-02 22:45:00+09:00,0.0023374,0.0023374,0.0023293,0.0023349,448290.0,235861720.0,-0.193,83.245,-0.214
XEMUSDT,2025-01-02 22:45:00+09:00,0.02483,0.02483,0.02482,0.02482,524.0,67821485.0,0.201,191754.198,-0.532
XIONUSDT,2025-01-02 22:45:00+09:00,3.444,3.447,3.436,3.441,2436.0,1855138.4,-1.627,760.608,-1.374
XLMUSDT,2025-01-02 22:45:00+09:00,0.42974,0.42996,0.42911,0.4299,106229.0,157291424.0,-0.507,4256.426,-0.563
XMRUSDT,2025-01-02 22:45:00+09:00,195.52,195.67,195.47,195.5,14.55,53860.93,-0.307,1408.11,0.286
XNOUSDT,2025-01-02 22:45:00+09:00,1.437,1.437,1.4324,1.4324,2986.0,839286.0,0.084,550.636,1.82
