symbol,timestamp,open,high,low,close,volume,openInterest,funding_rate,price_change_rate,volume_change_rate,oi_change_rate,volume_spike_flag,small_price_move_flag
10000000AIDOGEUSDT,2025-01-09 21:00:00+09:00,0.00252,0.002556,0.00241,0.002534,60972900.0,155872500.0,0.0001,1.319,-17.356,2.467,False,False
1000000BABYDOGEUSDT,2025-01-09 21:00:00+09:00,0.0028452,0.0029007,0.0026753,0.0027933,1983542700.0,2417057100.0,-0.000146,1.619,-31.901,8.242,False,False
1000000CHEEMSUSDT,2025-01-09 21:00:00+09:00,0.7846,0.8026,0.7449,0.8006,790696.0,4725902.0,0.0001,0.628,-18.232,-1.906,False,True
1000000MOGUSDT,2025-01-09 21:00:00+09:00,2.0623,2.0803,1.9926,2.0802,2162714.0,6877191.0,0.0001,-1.23,-19.484,0.163,False,False
1000000PEIPEIUSDT,2025-01-09 21:00:00+09:00,0.0739,0.0746,0.0698,0.0745,3613902.0,20065920.0,0.0001,-0.799,-44.216,-0.839,False,True
10000COQUSDT,2025-01-09 21:00:00+09:00,0.01297,0.01312,0.01223,0.01296,16369720.0,67588360.0,0.0001,0.699,-54.149,-3.649,False,True
10000LADYSUSDT,2025-01-09 21:00:00+09:00,0.0006737,0.0006821,0.0006439,0.0006817,428810300.0,5438708100.0,0.0001,-0.786,-23.29,-0.342,False,True
10000QUBICUSDT,2025-01-09 21:00:00+09:00,0.02573,0.02584,0.02468,0.02573,21138120.0,41570320.0,0.0001,-6.504,-18.984,-2.609,False,False
10000SATSUSDT,2025-01-09 21:00:00+09:00,0.001386,0.001415,0.001327,0.00141,2262629400.0,4365418300.0,0.0001,1.512,-41.12,-7.718,False,False
10000WENUSDT,2025-01-09 21:00:00+09:00,0.7333,0.7533,0.7075,0.7529,653083.0,4818064.0,0.0001,-0.542,-23.227,-0.564,False,True
10000WHYUSDT,2025-01-09 21:00:00+09:00,0.001003,0.00102,0.000962,0.001012,345545100.0,2304131200.0,0.0001,-2.411,11.812,0.452,False,False
1000APUUSDT,2025-01-09 21:00:00+09:00,0.5958,0.5985,0.5482,0.5782,1386474.0,4725292.0,0.0001,-5.415,-16.591,-1.957,False,False
1000BONKUSDT,2025-01-09 21:00:00+09:00,0.028009,0.028201,0.026768,0.028151,451195500.0,8870940800.0,0.0001,-1.738,-24.949,-0.318,False,False
1000BTTUSDT,2025-01-09 21:00:00+09:00,0.0011721,0.0011754,0.0011247,0.0011577,860571400.0,3951063000.0,-0.001118,1.624,169.601,11.037,False,False
1000CATSUSDT,2025-01-09 21:00:00+09:00,0.01886,0.01897,0.0174,0.0183,6812080.0,31673770.0,0.0001,-3.937,-23.713,-1.07,False,False
1000CATUSDT,2025-01-09 21:00:00+09:00,0.02692,0.02721,0.02555,0.0271,55903447.0,233388140.0,0.0001,-0.623,-42.372,-7.193,False,True
1000FLOKIUSDT,2025-01-09 21:00:00+09:00,0.16516,0.16647,0.15849,0.16626,37123438.0,176121948.0,0.0001,-0.366,-35.333,-2.554,False,True
1000LUNCUSDT,2025-01-09 21:00:00+09:00,0.10241,0.10334,0.09913,0.10314,5015134.0,36000444.0,0.0001,-0.434,-32.095,-0.315,False,True
1000MUMUUSDT,2025-01-09 21:00:00+09:00,0.019048,0.019093,0.017913,0.019093,16837440.0,88619140.0,0.0001,-5.175,-42.485,1.769,False,False
1000NEIROCTOUSDT,2025-01-09 21:00:00+09:00,0.7967,0.8053,0.7512,0.8016,6749939.0,11537252.0,0.0001,0.552,-46.527,-2.934,False,True
1000PEPEUSDT,2025-01-09 21:00:00+09:00,0.017585,0.017654,0.016667,0.017635,6178962400.0,12268243200.0,0.0001,-1.667,-31.459,-2.506,False,False
1000RATSUSDT,2025-01-09 21:00:00+09:00,0.05322,0.05372,0.05041,0.05329,76624410.0,164293240.0,0.0001,1.12,-32.468,4.2,False,False
1000TOSHIUSDT,2025-01-09 21:00:00+09:00,0.1364,0.1386,0.1308,0.1384,794971.0,4335839.0,0.0001,-3.554,-65.445,-2.318,False,False
1000TURBOUSDT,2025-01-09 21:00:00+09:00,8.379,8.4497,8.0365,8.432,228357.0,652204.0,0.0001,0.878,-29.272,-6.281,False,True
1000XECUSDT,2025-01-09 21:00:00+09:00,0.03642,0.0367,0.03497,0.03633,13319420.0,31856520.0,0.0001,1.537,91.086,8.098,True,False
1000XUSDT,2025-01-09 21:00:00+09:00,0.13451,0.1361,0.1288,0.13576,4738800.0,16153360.0,0.0001,-1.323,-50.893,-3.639,False,False
1CATUSDT,2025-01-09 21:00:00+09:00,0.001248,0.001255,0.001187,0.001251,92676040.0,472459710.0,0.0001,0.08,-24.605,2.659,False,True
1INCHUSDT,2025-01-09 21:00:00+09:00,0.3889,0.3906,0.3735,0.3877,4411237.3,20898529.2,6.7e-05,-0.334,-9.324,3.036,False,True
A8USDT,2025-01-09 21:00:00+09:00,0.3009,0.30124,0.26628,0.27895,2917397.0,5484333.0,0.0001,-3.936,16.557,-2.082,True,False
AAVEUSDT,2025-01-09 21:00:00+09:00,284.28,286.65,273.44,286.52,62396.89,231248.54,-7.6e-05,-1.617,-38.719,0.372,False,False
ACEUSDT,2025-01-09 21:00:00+09:00,1.811,1.834,1.739,1.832,107065.0,719263.7,0.0001,1.327,26.241,11.015,False,False
ACHUSDT,2025-01-09 21:00:00+09:00,0.023343,0.023466,0.022318,0.023133,17664210.0,113120730.0,0.0001,-0.946,-5.829,-1.172,False,True
ACTUSDT,2025-01-09 21:00:00+09:00,0.2888,0.2938,0.276,0.2923,27283407.0,33225134.0,0.0001,-0.307,-25.846,6.591,False,True
ACXUSDT,2025-01-09 21:00:00+09:00,0.4554,0.4588,0.4307,0.4544,2022174.0,3814626.0,0.0001,-3.196,-36.758,3.072,False,False
ADAUSDT,2025-01-09 21:00:00+09:00,0.9115,0.9278,0.879,0.9241,94694195.0,223694245.0,-5.1e-05,-1.219,-38.179,-2.174,False,False
AERGOUSDT,2025-01-09 21:00:00+09:00,0.1407,0.1417,0.1339,0.1394,17332413.0,16150121.0,0.0001,4.812,74.227,-8.467,True,False
AEROUSDT,2025-01-09 21:00:00+09:00,1.2141,1.22,1.1238,1.2065,5198943.0,10116793.0,-0.000316,-5.447,35.557,-1.778,True,False
AEVOUSDT,2025-01-09 21:00:00+09:00,0.3295,0.3312,0.3157,0.3307,2004968.4,19847665.5,0.0001,-1.047,-34.761,0.558,False,False
AGIUSDT,2025-01-09 21:00:00+09:00,0.13764,0.13861,0.13273,0.13788,10002430.0,69666360.0,0.0001,-0.26,-10.093,-1.195,False,True
AGLDUSDT,2025-01-09 21:00:00+09:00,2.014,2.0771,1.9592,2.0638,5282845.3,6455910.3,-0.002579,-0.827,59.9,2.143,False,True
AI16ZUSDT,2025-01-09 21:00:00+09:00,1.4403,1.4611,1.2683,1.4114,31123711.0,26768784.0,5e-05,-8.765,51.559,19.784,True,False
AIOZUSDT,2025-01-09 21:00:00+09:00,0.8898,0.9018,0.85,0.8992,2023180.0,6883363.0,0.0001,-8.142,12.521,13.587,False,False
AIUSDT,2025-01-09 21:00:00+09:00,0.6624,0.6781,0.6338,0.6647,5825951.5,9271251.4,0.0001,1.901,-40.504,-11.517,False,False
AIXBTUSDT,2025-01-09 21:00:00+09:00,0.4177,0.4197,0.3811,0.4125,24051240.0,48563110.0,0.0001,-0.865,45.164,-0.011,False,True
AKTUSDT,2025-01-09 21:00:00+09:00,3.077,3.113,2.986,3.093,553937.1,1707175.3,-0.001431,-1.685,-5.121,-3.266,False,False
ALCHUSDT,2025-01-09 21:00:00+09:00,0.14245,0.14499,0.13319,0.14285,48811265.0,24123458.0,0.0001,-6.402,17.307,13.725,False,False
ALEOUSDT,2025-01-09 21:00:00+09:00,0.6634,0.672,0.6356,0.6585,1240380.0,5324198.0,0.0001,-3.587,64.804,-8.017,False,False
ALGOUSDT,2025-01-09 21:00:00+09:00,0.3486,0.3545,0.3349,0.3533,31404137.0,79123938.1,0.0001,-0.507,-2.523,-2.595,False,True
ALICEUSDT,2025-01-09 21:00:00+09:00,1.111,1.117,1.068,1.114,338393.7,2855920.8,0.0001,-0.447,-30.964,-1.728,False,True
ALPACAUSDT,2025-01-09 21:00:00+09:00,0.15753,0.15843,0.15169,0.15787,389432.0,4770557.0,0.0001,-0.686,-47.024,-0.669,False,True
ALPHAUSDT,2025-01-09 21:00:00+09:00,0.07432,0.07481,0.07102,0.07463,6410403.0,24821327.0,0.00019,-1.1,-14.488,-1.787,False,False
ALTUSDT,2025-01-09 21:00:00+09:00,0.10474,0.10556,0.09976,0.10526,5656197.0,51321853.0,2.6e-05,-0.689,-38.998,0.051,False,True
AMBUSDT,2025-01-09 21:00:00+09:00,0.007023,0.00704,0.006591,0.006997,27399030.0,127432420.0,0.0001,-2.044,7.882,-2.136,False,False
ANKRUSDT,2025-01-09 21:00:00+09:00,0.03679,0.037,0.03467,0.03595,46869504.0,150142745.0,0.0001,1.268,41.207,2.212,True,False
APEUSDT,2025-01-09 21:00:00+09:00,1.1134,1.119,1.0631,1.1141,5977997.3,14696413.5,0.0001,-0.17,-28.711,-1.72,False,True
API3USDT,2025-01-09 21:00:00+09:00,1.483,1.497,1.42,1.494,303330.2,1816840.9,5.6e-05,-0.466,-59.814,-0.546,False,True
APTUSDT,2025-01-09 21:00:00+09:00,8.7935,8.873,8.5045,8.868,1954403.14,8033852.48,9.2e-05,-0.538,-25.011,-0.622,False,True
ARBUSDT,2025-01-09 21:00:00+09:00,0.7622,0.7734,0.737,0.7728,17447549.7,74710137.3,3.8e-05,-0.834,-44.257,-0.422,False,True
ARCUSDT,2025-01-09 21:00:00+09:00,0.30612,0.30651,0.26725,0.30334,22578817.0,13748464.0,5e-05,-13.061,36.183,20.863,False,False
ARKMUSDT,2025-01-09 21:00:00+09:00,1.3445,1.3668,1.2919,1.3643,2063408.0,9812284.0,8.7e-05,0.627,-40.322,1.007,False,True
ARKUSDT,2025-01-09 21:00:00+09:00,0.6528,0.664,0.6317,0.6534,11832254.0,6757032.0,0.0001,0.338,-22.2,0.289,False,True
ARPAUSDT,2025-01-09 21:00:00+09:00,0.04567,0.04614,0.04425,0.04607,2060620.0,23064770.0,0.0001,1.632,18.249,2.619,False,False
ARUSDT,2025-01-09 21:00:00+09:00,15.6,15.692,14.939,15.647,318885.1,1440709.7,4.3e-05,-1.492,-22.244,0.44,False,False
ASTRUSDT,2025-01-09 21:00:00+09:00,0.06061,0.061285,0.05848,0.06075,13193929.0,55851748.0,0.0001,-0.784,41.061,0.904,False,True
ATAUSDT,2025-01-09 21:00:00+09:00,0.15138,0.15139,0.14278,0.15039,5627240.0,13187390.0,0.0001,-3.348,-36.743,4.651,False,False
ATHUSDT,2025-01-09 21:00:00+09:00,0.0643,0.06459,0.06149,0.06433,33900530.0,257276390.0,-0.000175,-1.092,202.785,1.039,False,False
ATOMUSDT,2025-01-09 21:00:00+09:00,6.499,6.534,6.253,6.505,859720.9,7091200.1,2.8e-05,0.139,-49.706,-0.64,False,True
AUCTIONUSDT,2025-01-09 21:00:00+09:00,15.749,15.794,15.026,15.769,48957.4,347772.4,0.000315,0.146,-30.794,0.342,False,True
AUDIOUSDT,2025-01-09 21:00:00+09:00,0.1448,0.1459,0.1402,0.1454,1834853.1,19357211.89999999,0.0001,-0.819,-5.309,0.836,False,True
AVAAIUSDT,2025-01-09 21:00:00+09:00,0.18896,0.20449,0.15967,0.20241,66367546.0,11415948.0,0.0001,1.929,-42.578,-6.019,False,False
AVAILUSDT,2025-01-09 21:00:00+09:00,0.11267,0.11399,0.11066,0.11392,3489798.0,14021018.0,0.0001,-0.454,137.7,-5.832,False,True
AVAUSDT,2025-01-09 21:00:00+09:00,1.1353,1.1395,1.0745,1.1307,571058.7,1631922.6,0.0001,-1.335,-47.602,-0.527,False,False
AVAXUSDT,2025-01-09 21:00:00+09:00,36.685,37.18,35.525,37.14,836823.8,3319870.7,-0.000116,0.256,-27.314,1.496,False,True
AXLUSDT,2025-01-09 21:00:00+09:00,0.6225,0.6244,0.5911,0.6194,959574.0,6306218.0,0.0001,-2.809,-33.252,-0.953,False,False
AXSUSDT,2025-01-09 21:00:00+09:00,6.284,6.322,6.021,6.237,600042.8,2668194.1,-0.000405,-0.574,-77.681,-4.029,False,True
BADGERUSDT,2025-01-09 21:00:00+09:00,3.847,3.879,3.685,3.854,341284.0,892709.3,0.0001,-1.633,119.065,3.212,True,False
BAKEUSDT,2025-01-09 21:00:00+09:00,0.2322,0.2337,0.222,0.2334,1325451.8,13742327.4,0.0001,-0.723,-29.624,1.634,False,True
BALUSDT,2025-01-09 21:00:00+09:00,2.481,2.489,2.371,2.479,42976.16,460635.48,0.0001,-1.274,-20.223,0.519,False,False
BANANAUSDT,2025-01-09 21:00:00+09:00,43.117,43.613,40.63,41.206,39465.75,50300.62,0.0001,-5.363,-15.004,-5.415,False,False
BANDUSDT,2025-01-09 21:00:00+09:00,1.362,1.367,1.303,1.359,186858.1,1379325.3,0.0001,-1.522,-24.156,1.456,False,False
BANUSDT,2025-01-09 21:00:00+09:00,0.053,0.0532,0.0495,0.0531,121335753.0,183410594.0,0.0001,-7.168,24.42,13.728,False,False
BATUSDT,2025-01-09 21:00:00+09:00,0.254,0.2557,0.2425,0.2531,7936571.5,16170724.6,6.4e-05,1.2,-54.299,6.644,False,False
BBUSDT,2025-01-09 21:00:00+09:00,0.359,0.361,0.3403,0.36,3475742.0,5989123.0,0.0001,-1.126,-38.303,0.515,False,False
BCHUSDT,2025-01-09 21:00:00+09:00,427.0,429.5,412.2,429.0,28963.43,115342.12,-9.2e-05,-0.901,-13.094,2.575,False,True
BEAMUSDT,2025-01-09 21:00:00+09:00,0.023329,0.023609,0.022416,0.023495,105340600.0,553456700.0,0.0001,-1.024,-29.736,-1.048,False,False
BELUSDT,2025-01-09 21:00:00+09:00,0.5329,0.5342,0.509,0.5312,325367.0,2351469.0,0.0001,-0.58,-14.948,-1.952,False,True
BENDOGUSDT,2025-01-09 21:00:00+09:00,0.008926,0.008926,0.008485,0.008798,14489600.0,308186350.0,0.0001,-3.372,-52.545,-0.418,False,False
BICOUSDT,2025-01-09 21:00:00+09:00,0.2776,0.2793,0.2655,0.2787,915515.2,6415977.6,0.0001,-1.1,-37.026,-1.186,False,False
BIGTIMEUSDT,2025-01-09 21:00:00+09:00,0.12534,0.12642,0.12099,0.12622,13460970.0,58701573.0,0.0001,0.318,-33.1,3.661,False,True
BILLYUSDT,2025-01-09 21:00:00+09:00,0.01451,0.0148,0.01365,0.01474,17474540.0,79986030.0,0.0001,-5.27,-5.86,8.012,False,False
BIOUSDT,2025-01-09 21:00:00+09:00,0.5505,0.5554,0.5101,0.5337,13791240.0,21153698.0,0.0001,-4.883,-21.279,-1.774,False,False
BLASTUSDT,2025-01-09 21:00:00+09:00,0.00878,0.008971,0.00837,0.008693,453494140.0,430215660.0,0.0001,0.393,33.353,-5.979,False,True
BLUEUSDT,2025-01-09 21:00:00+09:00,0.3776,0.38838,0.36046,0.38718,2487869.0,2955595.0,0.0001,-0.008,34.87,-6.142,False,True
BLURUSDT,2025-01-09 21:00:00+09:00,0.2345,0.236,0.2253,0.2349,14050345.0,52633212.0,0.0001,0.0,-32.399,-0.433,False,True
BNBUSDT,2025-01-09 21:00:00+09:00,699.4,701.35,680.4,695.85,29389.87,162387.21,0.0001,0.0,-32.607,-0.972,False,True
BNTUSDT,2025-01-09 21:00:00+09:00,0.64255,0.64755,0.62115,0.6464,157172.0,1193823.0,0.0001,-1.185,-85.385,0.056,False,False
BNXUSDT,2025-01-09 21:00:00+09:00,0.3735,0.3748,0.3589,0.3733,822638.3,7621009.9,0.0001,-0.929,-37.571,-2.136,False,True
BOBAUSDT,2025-01-09 21:00:00+09:00,0.19191,0.19443,0.18679,0.19417,1564057.9,5153337.8,0.0001,0.868,5.699,-5.372,False,True
BOMEUSDT,2025-01-09 21:00:00+09:00,0.005625,0.005652,0.005354,0.005636,613190000.0,2914107100.0,0.0001,-0.617,-20.403,1.572,False,True
BRETTUSDT,2025-01-09 21:00:00+09:00,0.12116,0.12239,0.11515,0.12191,54592740.0,266715340.0,0.0001,0.42,-31.722,-3.027,False,True
BSVUSDT,2025-01-09 21:00:00+09:00,52.9,53.08,50.82,52.69,17442.33,36410.08999999,0.0001,-0.865,-16.833,-2.673,False,True
BSWUSDT,2025-01-09 21:00:00+09:00,0.06802,0.06836,0.06521,0.06821,2271455.0,10189859.0,0.0001,-0.54,-27.894,-1.444,False,True
BTCUSDT,2025-01-09 21:00:00+09:00,93410.1,93985.0,91738.0,93932.7,32712.391,66153.982,0.0001,-0.036,-32.788,1.137,False,True
C98USDT,2025-01-09 21:00:00+09:00,0.1548,0.1564,0.1479,0.1561,3821285.1,25452056.5,0.0001,-0.192,-18.171,0.676,False,True
CAKEUSDT,2025-01-09 21:00:00+09:00,2.343,2.349,2.251,2.347,483331.2,4001645.2,0.0001,1.734,-52.6,-1.032,False,False
CARVUSDT,2025-01-09 21:00:00+09:00,0.8902,0.9034,0.8318,0.8576,2848882.0,10472701.0,-0.002424,2.278,90.594,1.209,True,False
CATIUSDT,2025-01-09 21:00:00+09:00,0.306,0.3094,0.2931,0.3086,3937738.0,16565592.0,0.0001,1.081,-51.946,2.09,False,False
CELOUSDT,2025-01-09 21:00:00+09:00,0.656,0.6563,0.6269,0.6533,960091.4,6761602.3,0.0001,-1.09,-23.61,4.232,False,False
CELRUSDT,2025-01-09 21:00:00+09:00,0.01684,0.01692,0.0161,0.01688,15145255.0,147458541.0,0.0001,0.119,-26.911,-0.934,False,True
CETUSUSDT,2025-01-09 21:00:00+09:00,0.32361,0.32587,0.30711,0.31593,3095323.0,12279247.0,0.0001,-5.704,-38.364,-5.524,False,False
CFXUSDT,2025-01-09 21:00:00+09:00,0.14892,0.1501,0.14408,0.14978,7995697.0,39996450.0,0.0001,0.503,-9.598,-1.334,False,True
CHESSUSDT,2025-01-09 21:00:00+09:00,0.1813,0.182,0.1735,0.1817,950314.0,4667713.0,0.0001,1.508,0.475,2.85,False,False
CHILLGUYUSDT,2025-01-09 21:00:00+09:00,0.1332,0.1352,0.1248,0.134,74022300.0,108267658.0,0.0001,-2.332,-39.066,8.831,False,False
CHRUSDT,2025-01-09 21:00:00+09:00,0.2139,0.2158,0.2056,0.2154,1319201.1,10591553.9,0.0001,0.326,-27.455,-2.051,False,True
CHZUSDT,2025-01-09 21:00:00+09:00,0.08428,0.08473,0.0806,0.08344,44446856.0,97086683.0,-8.8e-05,-0.072,0.852,1.302,True,True
CKBUSDT,2025-01-09 21:00:00+09:00,0.011084,0.011201,0.010669,0.011191,97113310.0,285624310.0,0.0001,0.62,-14.795,2.397,False,True
CLOUDUSDT,2025-01-09 21:00:00+09:00,0.1845,0.1888,0.1752,0.1804,5753847.0,11934309.0,0.0001,-2.328,-40.268,1.929,False,False
COMBOUSDT,2025-01-09 21:00:00+09:00,0.3988,0.4005,0.3823,0.3998,72303.5,854903.7,0.0001,-0.819,-54.229,0.965,False,True
COMPUSDT,2025-01-09 21:00:00+09:00,72.06,72.21,69.05,71.94,18913.42,68212.02,0.0001,-1.208,-20.37,-5.682,False,False
COOKIEUSDT,2025-01-09 21:00:00+09:00,0.4755,0.5118,0.4568,0.5105,12864842.0,9212179.0,0.0001,3.592,25.883,17.704,False,False
COOKUSDT,2025-01-09 21:00:00+09:00,0.03029,0.03104,0.02908,0.031,12051220.0,68199480.0,0.0001,1.307,-15.819,-3.98,False,False
COREUSDT,2025-01-09 21:00:00+09:00,1.0173,1.0242,0.9772,1.0224,852290.8,7196957.9,0.0001,-1.322,-24.719,1.749,False,False
COSUSDT,2025-01-09 21:00:00+09:00,0.007031,0.007115,0.006798,0.007104,19134240.0,94884970.0,0.0001,-0.851,-26.805,-1.878,False,True
COTIUSDT,2025-01-09 21:00:00+09:00,0.10955,0.11051,0.10406,0.11019,7057812.0,46389957.0,0.0001,-2.297,-18.385,-1.834,False,False
COWUSDT,2025-01-09 21:00:00+09:00,0.7241,0.7321,0.6841,0.7269,4212398.0,7343560.0,0.0001,-1.504,1.842,1.934,False,False
CROUSDT,2025-01-09 21:00:00+09:00,0.14093,0.1413,0.1353,0.14016,12229388.0,62262515.0,1.5e-05,-2.362,-10.128,0.884,False,False
CRVUSDT,2025-01-09 21:00:00+09:00,0.826,0.8419,0.7852,0.8367,15159444.5,62801493.9,0.0001,-1.111,-17.845,-2.732,False,False
CTCUSDT,2025-01-09 21:00:00+09:00,1.0469,1.0595,1.0076,1.0593,3080006.0,5878101.0,-0.000336,-0.824,7.676,-4.982,False,True
CTKUSDT,2025-01-09 21:00:00+09:00,0.7567,0.7567,0.7188,0.7537,270258.4,2358048.6,5e-05,-0.317,-39.428,-3.095,False,True
CTSIUSDT,2025-01-09 21:00:00+09:00,0.14758,0.14807,0.14069,0.14758,1240409.0,10844014.0,0.0001,-0.94,-8.66,-0.255,False,True
CVCUSDT,2025-01-09 21:00:00+09:00,0.17774,0.18008,0.17192,0.17854,17593588.0,27072805.0,0.0001,1.57,16.302,6.579,False,False
CVXUSDT,2025-01-09 21:00:00+09:00,4.444,4.453,4.108,4.302,508686.17,1517569.72,0.001051,0.702,24.952,-7.503,False,True
CYBERUSDT,2025-01-09 21:00:00+09:00,3.126,3.144,2.992,3.139,184441.0,1128960.6,0.0001,-0.318,-18.79,-0.272,False,True
DASHUSDT,2025-01-09 21:00:00+09:00,37.18,37.47,35.71,37.39,10260.23,141679.0,0.0001,-0.611,-35.401,-0.616,False,True
DATAUSDT,2025-01-09 21:00:00+09:00,0.04601,0.04635,0.04382,0.04549,3481990.0,9734810.0,0.0001,-1.023,40.551,-1.648,False,False
DBRUSDT,2025-01-09 21:00:00+09:00,0.03287,0.033,0.0314,0.0327,15362010.0,66413230.0,0.0001,-2.359,-31.799,-3.383,False,False
DEEPUSDT,2025-01-09 21:00:00+09:00,0.14814,0.15006,0.14085,0.14828,44790120.0,98758010.0,6.1e-05,-5.373,-14.429,3.055,False,False
DEGENUSDT,2025-01-09 21:00:00+09:00,0.010157,0.010278,0.009716,0.010227,253606320.0,804065210.0,0.0001,-3.034,-34.342,1.305,False,False
DENTUSDT,2025-01-09 21:00:00+09:00,0.0012711,0.001279,0.0012113,0.0012732,243253300.0,1011503900.0,0.0001,-2.497,-15.956,-4.2,False,False
DEXEUSDT,2025-01-09 21:00:00+09:00,14.598,15.002,14.312,14.844,93205.4,203282.9,0.0001,2.394,-36.669,-1.118,False,False
DGBUSDT,2025-01-09 21:00:00+09:00,0.012458,0.012511,0.011815,0.012473,45472040.0,171130910.0,0.0001,-0.312,-37.7,-1.542,False,True
DODOUSDT,2025-01-09 21:00:00+09:00,0.14276,0.14295,0.13575,0.14251,753142.0,11232520.0,0.0001,-1.377,33.439,-9.904,False,False
DOGEUSDT,2025-01-09 21:00:00+09:00,0.33008,0.33323,0.31741,0.33224,714294862.0,1987463410.0,0.0001,-1.701,-28.928,1.574,False,False
DOGSUSDT,2025-01-09 21:00:00+09:00,0.0004438,0.0004493,0.000428,0.0004484,6252176700.0,22858298800.0,0.0001,1.793,-56.755,-2.346,False,False
DOGUSDT,2025-01-09 21:00:00+09:00,0.005808,0.005933,0.005508,0.00591,586824200.0,2210665500.0,0.0001,0.922,-30.706,2.563,False,True
DOP1USDT,2025-01-09 21:00:00+09:00,0.00125,0.001258,0.001183,0.001242,119923560.0,925937420.0,0.0001,-0.64,-44.381,0.563,False,True
DOTUSDT,2025-01-09 21:00:00+09:00,6.682,6.773,6.458,6.758,2476684.8,11528780.2,8e-05,0.461,-45.267,-1.566,False,True
DRIFTUSDT,2025-01-09 21:00:00+09:00,1.1526,1.1692,1.1167,1.1658,3709135.0,14257835.0,0.000903,-1.103,-9.62,2.959,False,False
DUSKUSDT,2025-01-09 21:00:00+09:00,0.21222,0.21273,0.20178,0.21083,940920.0,8531051.0,0.0001,-0.636,-22.37,0.184,False,True
DYDXUSDT,2025-01-09 21:00:00+09:00,1.344,1.347,1.276,1.34,5068278.9,24755319.5,0.0001,0.224,-35.526,0.82,False,True
DYMUSDT,2025-01-09 21:00:00+09:00,1.209,1.216,1.15,1.213,635729.0,4228908.59999999,0.0001,-1.302,-30.333,1.886,False,False
EDUUSDT,2025-01-09 21:00:00+09:00,0.5369,0.5417,0.5139,0.5415,1113064.2,5314548.8,0.0001,0.166,-16.949,10.593,False,True
EGLDUSDT,2025-01-09 21:00:00+09:00,33.14,33.51,32.03,33.41,41360.88,260330.67,0.0001,-0.239,-13.888,1.611,False,True
EIGENUSDT,2025-01-09 21:00:00+09:00,3.3705,3.3951,3.161,3.351,1673198.0,4265136.0,9.1e-05,-0.131,-21.762,-1.539,False,True
ENAUSDT,2025-01-09 21:00:00+09:00,0.9236,0.9336,0.8607,0.9264,71034118.0,217499929.0,-0.000541,-0.867,-4.585,-2.178,False,True
ENJUSDT,2025-01-09 21:00:00+09:00,0.2082,0.2088,0.1981,0.2072,2259560.5,20864080.0,0.0001,-1.38,-22.524,0.423,False,False
ENSUSDT,2025-01-09 21:00:00+09:00,31.69,31.856,30.484,31.778,228771.5,675045.69999999,2.2e-05,-1.096,-15.17,-4.186,False,False
EOSUSDT,2025-01-09 21:00:00+09:00,0.7936,0.7986,0.763,0.7941,8858332.5,23969052.8,9e-05,-0.276,-13.18,0.502,False,True
ETCUSDT,2025-01-09 21:00:00+09:00,25.095,25.363,24.31,25.301,293818.2,1670008.9,0.0001,0.453,-34.651,1.517,False,True
ETHBTCUSDT,2025-01-09 21:00:00+09:00,0.035373,0.035474,0.034984,0.035193,27074740.0,458536610.0,0.0,-0.571,13.491,0.544,False,True
ETHFIUSDT,2025-01-09 21:00:00+09:00,1.9068,1.9236,1.8215,1.9196,895174.8,4774942.7,-5.4e-05,-0.477,-32.569,1.24,False,True
ETHUSDT,2025-01-09 21:00:00+09:00,3300.14,3309.13,3208.17,3304.5,339071.21,1178631.95,0.0001,-0.558,-31.905,-1.019,False,True
ETHWUSDT,2025-01-09 21:00:00+09:00,3.044,3.066,2.923,3.053,35236.74,1094261.67,-1e-06,-1.389,-57.037,1.353,False,False
FARTCOINUSDT,2025-01-09 21:00:00+09:00,0.8621,0.8744,0.7835,0.8439,49316088.0,42154092.0,0.0001,-13.455,2.447,1.029,False,False
FBUSDT,2025-01-09 21:00:00+09:00,2.423,2.468,2.349,2.456,93165.6,338709.5,0.000121,-1.603,-5.724,1.501,False,False
FDUSDUSDT,2025-01-09 21:00:00+09:00,0.9988,1.0,0.9984,0.9989,51040.0,231348.0,0.0001,0.04,-56.143,-3.068,False,True
FIDAUSDT,2025-01-09 21:00:00+09:00,0.2192,0.2207,0.2098,0.2197,2190470.0,5451770.0,0.0001,-4.061,4.331,3.733,True,False
FILUSDT,2025-01-09 21:00:00+09:00,5.097,5.152,4.907,5.129,1397453.7,7740315.1,5.3e-05,0.569,-32.164,1.504,False,True
FIOUSDT,2025-01-09 21:00:00+09:00,0.03647,0.03688,0.03492,0.03677,2159250.0,16533930.0,0.0001,-0.943,0.394,-5.42,False,True
FIREUSDT,2025-01-09 21:00:00+09:00,0.3618,0.3618,0.3335,0.3406,730686.9,1721772.9,0.0001,0.147,-3.52,-1.125,False,True
FLMUSDT,2025-01-09 21:00:00+09:00,0.06903,0.06903,0.0659,0.06861,3060567.0,18420598.0,0.0001,-1.62,-36.33,0.365,False,False
FLOWUSDT,2025-01-09 21:00:00+09:00,0.7507,0.7527,0.7154,0.7411,2935854.9,10796722.4,0.0001,0.338,7.374,2.518,False,True
FLRUSDT,2025-01-09 21:00:00+09:00,0.02352,0.02367,0.02277,0.02351,22867970.0,146948770.0,0.0001,-1.591,-19.078,-0.444,False,False
FLUXUSDT,2025-01-09 21:00:00+09:00,0.5675,0.5714,0.5452,0.5708,214227.0,1681091.0,0.0001,-0.157,-64.913,-1.23,False,True
FORTHUSDT,2025-01-09 21:00:00+09:00,5.1578,5.1774,4.96,5.1747,43730.9,204214.0,0.0001,-2.93,-25.817,-4.332,False,False
FOXYUSDT,2025-01-09 21:00:00+09:00,0.010641,0.01069,0.010038,0.0106,72405360.0,258907750.0,0.0001,-1.478,-48.098,-3.034,False,False
FTMUSDT,2025-01-09 21:00:00+09:00,0.6565,0.6596,0.6223,0.6538,19668008.0,34705996.0,-6e-06,-2.983,-50.301,-8.757,False,False
FTNUSDT,2025-01-09 21:00:00+09:00,3.6402,3.7084,3.6395,3.69,47227.3,148314.2,0.0001,1.132,-48.286,-9.095,False,False
FUELUSDT,2025-01-09 21:00:00+09:00,0.0526,0.05369,0.04855,0.05221,52251810.0,93615630.0,5e-05,-4.114,-36.7,0.325,False,False
FUSDT,2025-01-09 21:00:00+09:00,0.04603,0.04652,0.04449,0.04635,8645174.0,33172645.0,0.0001,-4.825,12.621,4.805,False,False
FWOGUSDT,2025-01-09 21:00:00+09:00,0.17354,0.17973,0.15828,0.17658,32870187.0,47112758.0,0.0001,-4.147,-7.859,6.389,False,False
FXSUSDT,2025-01-09 21:00:00+09:00,3.2245,3.254,3.121,3.24,271279.32,1020877.76,6.8e-05,-0.963,16.762,-2.822,False,True
GALAUSDT,2025-01-09 21:00:00+09:00,0.03458,0.0349,0.03311,0.03469,760801264.0,932762586.0,2.7e-05,0.318,-22.489,-3.974,False,True
GASUSDT,2025-01-09 21:00:00+09:00,6.194,6.194,5.626,5.748,11350639.6,3923626.4,0.0001,-3.508,206.773,115.786,True,False
GEMSUSDT,2025-01-09 21:00:00+09:00,0.09314,0.09595,0.08959,0.09235,1910350.0,3443203.0,0.0001,-4.637,-10.743,-0.497,False,False
GIGAUSDT,2025-01-09 21:00:00+09:00,0.07188,0.07331,0.06725,0.07196,31563720.0,36395010.0,0.0001,-4.168,-23.223,7.042,False,False
GLMRUSDT,2025-01-09 21:00:00+09:00,0.2259,0.22775,0.2175,0.2271,1053481.2,7853403.4,0.0001,-1.304,-39.09,0.713,False,False
GLMUSDT,2025-01-09 21:00:00+09:00,0.41106,0.41429,0.38925,0.40465,7074892.0,7193424.0,0.000497,2.148,69.231,8.17,True,False
GMEUSDT,2025-01-09 21:00:00+09:00,0.003524,0.003594,0.003373,0.003584,110747820.0,324305190.0,0.0001,0.056,16.693,0.657,False,True
GMTUSDT,2025-01-09 21:00:00+09:00,0.1427,0.1464,0.139,0.1444,62545330.0,157971912.0,0.0001,1.476,-24.347,1.595,False,False
GMXUSDT,2025-01-09 21:00:00+09:00,24.415,24.52,23.365,24.435,26991.59,191763.2,7.5e-05,-0.751,-44.92,-2.101,False,True
GNOUSDT,2025-01-09 21:00:00+09:00,253.52,254.27,246.22,252.98,235.369,1362.162,0.0001,-0.347,-4.424,-4.573,False,True
GOATUSDT,2025-01-09 21:00:00+09:00,0.3718,0.3759,0.3442,0.369,48615562.0,115168556.0,0.0001,-2.278,-26.418,-0.546,False,False
GODSUSDT,2025-01-09 21:00:00+09:00,0.1831,0.1839,0.1775,0.1826,852410.0,3798229.0,0.0001,-2.144,-15.046,2.131,False,False
GOMININGUSDT,2025-01-09 21:00:00+09:00,0.49155,0.49375,0.48336,0.49028,1295018.0,788530.0,0.0001,-0.805,-40.159,0.581,False,True
GRASSUSDT,2025-01-09 21:00:00+09:00,2.4676,2.4913,2.3749,2.4787,1702033.0,14024296.0,-0.002073,-3.043,-38.594,-1.274,False,False
GRIFFAINUSDT,2025-01-09 21:00:00+09:00,0.36936,0.37614,0.34218,0.37502,19446023.0,19215723.0,0.0001,-3.557,-18.945,-11.421,False,False
GRTUSDT,2025-01-09 21:00:00+09:00,0.20635,0.20804,0.19834,0.20762,10732178.2,58717847.8,6e-06,-1.317,-29.477,-1.802,False,False
GTCUSDT,2025-01-09 21:00:00+09:00,0.698,0.705,0.671,0.704,494342.5,1893698.1,0.0001,-0.283,-10.166,2.506,False,True
GUSDT,2025-01-09 21:00:00+09:00,0.03225,0.03275,0.03096,0.0321,49570580.0,77387730.0,-1.2e-05,-1.564,-23.951,-16.611,False,False
HBARUSDT,2025-01-09 21:00:00+09:00,0.27106,0.27491,0.26236,0.27421,73338156.0,224219180.0,1.9e-05,-0.954,-39.0,-6.218,False,True
HFTUSDT,2025-01-09 21:00:00+09:00,0.1856,0.1868,0.1785,0.1865,1030036.0,11786124.0,0.0001,-0.903,-2.277,0.964,False,True
HIFIUSDT,2025-01-09 21:00:00+09:00,0.6525,0.6566,0.6206,0.6541,4275976.0,4573689.0,0.0001,2.171,256.849,56.918,True,False
HIGHUSDT,2025-01-09 21:00:00+09:00,1.3702,1.3798,1.3159,1.3773,224630.1,1519922.1,0.0001,0.218,-26.522,0.783,False,True
HIPPOUSDT,2025-01-09 21:00:00+09:00,0.00822,0.0083,0.0077,0.00827,730778450.0,975684320.0,0.0001,-0.121,11.523,-0.246,False,True
HIVEUSDT,2025-01-09 21:00:00+09:00,0.5031,0.5198,0.4914,0.5161,24665458.0,20825576.0,0.0001,0.155,-25.287,-6.32,False,True
HMSTRUSDT,2025-01-09 21:00:00+09:00,0.0029,0.002973,0.002798,0.002971,1044365810.0,2407271620.0,0.0001,5.243,3.834,1.432,False,False
HNTUSDT,2025-01-09 21:00:00+09:00,5.855,5.859,5.594,5.765,98031.19,963188.53,0.0001,-1.755,-24.613,-1.083,False,False
HOOKUSDT,2025-01-09 21:00:00+09:00,0.3756,0.3769,0.3573,0.3759,973523.6,8021956.7,0.0001,-0.608,-13.105,-1.955,False,True
HOTUSDT,2025-01-09 21:00:00+09:00,0.002172,0.002188,0.002073,0.002182,95731500.0,898871900.0,0.0001,-0.908,-32.591,-0.253,False,True
HPOS10IUSDT,2025-01-09 21:00:00+09:00,0.1815,0.1837,0.1709,0.1811,1514811.0,12126310.0,0.0001,-2.947,-41.349,0.225,False,False
HYPEUSDT,2025-01-09 21:00:00+09:00,20.611,21.008,19.087,20.742,4186930.61,4643300.32,0.0001,-6.819,16.956,-2.686,False,False
ICPUSDT,2025-01-09 21:00:00+09:00,10.499,10.529,10.04,10.437,727578.2,3292109.8,-1.1e-05,-3.379,-14.898,-1.097,False,False
ICXUSDT,2025-01-09 21:00:00+09:00,0.2054,0.2065,0.1961,0.2028,7157031.0,12969579.0,0.0001,2.632,74.87,8.083,True,False
IDEXUSDT,2025-01-09 21:00:00+09:00,0.05913,0.0594,0.05622,0.05882,5573790.0,12663470.0,0.0001,-1.721,-29.917,2.503,False,False
IDUSDT,2025-01-09 21:00:00+09:00,0.4436,0.4462,0.425,0.441,2273842.0,7874058.0,0.0001,0.023,6.763,4.807,False,True
ILVUSDT,2025-01-09 21:00:00+09:00,37.36,37.71,35.84,37.53,7961.09,116068.09,0.0001,0.779,-27.253,0.014,False,True
IMXUSDT,2025-01-09 21:00:00+09:00,1.2487,1.2672,1.2063,1.2649,1287106.1,9209184.1,0.0001,0.397,-27.604,-0.207,False,True
INJUSDT,2025-01-09 21:00:00+09:00,21.446,21.986,20.76,21.845,624601.9,2229966.9,0.0001,2.013,-24.236,-0.991,False,False
IOSTUSDT,2025-01-09 21:00:00+09:00,0.007816,0.008033,0.007408,0.007793,1919025059.0,719452571.0,0.0001,3.837,1858.437,156.609,True,False
IOTAUSDT,2025-01-09 21:00:00+09:00,0.3084,0.311,0.2964,0.31,9769667.3,29167707.7,0.0001,-1.619,1.563,3.735,False,False
IOTXUSDT,2025-01-09 21:00:00+09:00,0.0377,0.03801,0.03613,0.03775,6743741.0,98028657.0,0.0001,-1.769,97.74,4.239,False,False
IOUSDT,2025-01-09 21:00:00+09:00,3.037,3.062,2.904,3.039,1002602.4,3627214.8,-1.7e-05,-1.809,-35.354,0.894,False,False
JASMYUSDT,2025-01-09 21:00:00+09:00,0.032034,0.032569,0.03054,0.032465,162678358.0,449111978.0,5e-05,-0.71,-42.157,-2.777,False,True
JOEUSDT,2025-01-09 21:00:00+09:00,0.3515,0.3567,0.34,0.3561,596649.0,4381716.0,0.0001,0.31,-47.221,-1.709,False,True
JSTUSDT,2025-01-09 21:00:00+09:00,0.04098,0.04156,0.03999,0.04105,24095230.0,43378500.0,0.0001,1.861,-0.007,2.225,False,False
JTOUSDT,2025-01-09 21:00:00+09:00,2.927,2.937,2.818,2.9,1025849.5,4086565.5,0.0001,-1.495,-44.673,-3.516,False,False
JUPUSDT,2025-01-09 21:00:00+09:00,0.8172,0.8202,0.7821,0.8173,5286993.0,38272882.0,-0.000297,-0.293,-31.429,0.861,False,True
KAIAUSDT,2025-01-09 21:00:00+09:00,0.2093,0.2121,0.1992,0.2071,11992552.0,35870347.0,0.0001,1.074,5.632,0.769,False,False
KASUSDT,2025-01-09 21:00:00+09:00,0.11456,0.11531,0.11158,0.11518,41377170.0,453549390.0,0.0001,0.226,-51.083,-0.946,False,True
KAVAUSDT,2025-01-09 21:00:00+09:00,0.5178,0.5182,0.4906,0.5084,3417579.2,11372921.1,0.0001,-0.897,36.408,3.973,False,True
KDAUSDT,2025-01-09 21:00:00+09:00,0.8504,0.8549,0.7986,0.8433,1212379.6,5284823.9,0.0001,-1.736,-31.518,0.695,False,False
KEYUSDT,2025-01-09 21:00:00+09:00,0.0009795,0.000991,0.0008915,0.0009625,338316100.0,1044314800.0,0.0001,-1.484,-5.022,-0.759,False,False
KMNOUSDT,2025-01-09 21:00:00+09:00,0.1205,0.12102,0.11689,0.12004,12361760.0,30901220.0,0.0001,-3.845,-11.362,-1.341,True,False
KNCUSDT,2025-01-09 21:00:00+09:00,0.6201,0.6203,0.5893,0.6121,2031550.5,3931157.0,0.0001,-1.528,250.362,10.072,True,False
KOMAUSDT,2025-01-09 21:00:00+09:00,0.09331,0.09437,0.08901,0.0941,8646167.0,35346105.0,0.0001,-0.011,-36.631,-3.857,False,True
KSMUSDT,2025-01-09 21:00:00+09:00,30.73,30.97,29.45,30.87,37125.02,269617.58,0.0001,-0.323,-40.191,-1.312,False,True
L3USDT,2025-01-09 21:00:00+09:00,0.10388,0.10534,0.09413,0.10322,32081540.0,37713140.0,0.0001,4.962,31.967,3.702,False,False
LAIUSDT,2025-01-09 21:00:00+09:00,0.01191,0.01216,0.01146,0.01204,22895030.0,180283840.0,0.0001,-2.431,-52.589,0.073,False,False
LDOUSDT,2025-01-09 21:00:00+09:00,1.6575,1.671,1.5745,1.6575,4109342.7,26008583.5,6e-06,0.03,-35.41,-0.6,False,True
LEVERUSDT,2025-01-09 21:00:00+09:00,0.001648,0.001659,0.001584,0.001656,253639400.0,1064827900.0,0.0001,0.06,-91.529,-0.771,False,True
LINAUSDT,2025-01-09 21:00:00+09:00,0.004536,0.004572,0.004346,0.00456,66217430.0,506802840.0,0.0001,-0.262,-40.241,-0.24,False,True
LINKUSDT,2025-01-09 21:00:00+09:00,19.927,20.116,19.288,20.074,2064259.5,8117373.7,2.7e-05,-0.947,-34.415,-0.039,False,True
LISTAUSDT,2025-01-09 21:00:00+09:00,0.3648,0.3676,0.3484,0.367,591056.0,3265727.0,0.0001,0.273,-14.861,0.212,False,True
LITUSDT,2025-01-09 21:00:00+09:00,0.8051,0.8132,0.7716,0.8118,212209.7,1348992.3,0.0001,-0.062,-61.875,-1.625,False,True
LOOKSUSDT,2025-01-09 21:00:00+09:00,0.05035,0.05068,0.04752,0.04989,8304988.9,83072118.6,0.0001,-0.855,-2.493,0.523,False,True
LPTUSDT,2025-01-09 21:00:00+09:00,13.355,13.642,12.907,13.614,116051.8,595551.6,-0.000148,0.42,-6.747,-0.114,False,True
LQTYUSDT,2025-01-09 21:00:00+09:00,1.5638,1.5743,1.4956,1.5691,292926.0,1140148.5,0.0001,-1.383,-6.754,4.701,False,False
LRCUSDT,2025-01-09 21:00:00+09:00,0.1862,0.1877,0.1783,0.187,1061164.3,14787253.8,6.5e-05,0.107,-19.766,0.709,False,True
LSKUSDT,2025-01-09 21:00:00+09:00,1.0866,1.122,1.0465,1.1204,6230673.1,2078240.1,0.0001,5.281,368.94,80.54,True,False
LTCUSDT,2025-01-09 21:00:00+09:00,103.91,104.71,99.81,104.63,276546.0,983344.4,0.0001,2.992,-17.035,2.904,False,False
LTOUSDT,2025-01-09 21:00:00+09:00,0.136,0.136,0.1294,0.135,519037.0,2154819.0,0.0001,0.897,17.26,-1.07,False,True
LUCEUSDT,2025-01-09 21:00:00+09:00,0.0277,0.0282,0.0258,0.0275,56505599.0,87400720.0,0.0001,-4.844,-11.524,1.138,False,False
LUMIAUSDT,2025-01-09 21:00:00+09:00,1.176,1.197,1.141,1.172,1226047.0,1406479.1,0.0001,-0.34,-18.194,-2.163,False,True
LUNA2USDT,2025-01-09 21:00:00+09:00,0.4199,0.4223,0.4033,0.4213,3062821.1,8464650.5,0.0001,-0.637,-50.357,-6.804,False,True
MAGICUSDT,2025-01-09 21:00:00+09:00,0.4869,0.4871,0.4626,0.4831,1945873.0,6641771.0,0.0001,-3.554,-35.296,-9.973,False,False
MAJORUSDT,2025-01-09 21:00:00+09:00,0.4443,0.4513,0.4197,0.4445,1950783.9,5093602.8,0.0001,0.384,-44.737,-12.831,False,True
MANAUSDT,2025-01-09 21:00:00+09:00,0.5,0.5019,0.4774,0.4992,5143813.0,22660289.3,4.6e-05,0.991,-8.822,1.999,False,True
MANEKIUSDT,2025-01-09 21:00:00+09:00,0.0039,0.00392,0.003786,0.003901,48988000.0,295509600.0,0.0001,-2.791,-11.68,-0.083,False,False
MANTAUSDT,2025-01-09 21:00:00+09:00,0.7937,0.798,0.7575,0.7957,2456308.1,8601443.4,0.0001,0.025,-24.241,-2.395,False,True
MASAUSDT,2025-01-09 21:00:00+09:00,0.16337,0.16337,0.14865,0.15803,5816471.0,16562052.0,0.0001,-0.435,8.712,-2.871,False,True
MASKUSDT,2025-01-09 21:00:00+09:00,2.855,2.876,2.756,2.855,391504.2,4941702.09999999,0.0001,0.07,23.699,0.233,False,True
MAVIAUSDT,2025-01-09 21:00:00+09:00,0.861,0.87,0.797,0.842,1224348.7,6456309.2,0.0001,-6.444,-44.151,0.235,False,False
MAVUSDT,2025-01-09 21:00:00+09:00,0.1865,0.1871,0.178,0.1861,939732.0,8034087.0,0.0001,-1.949,-39.427,-0.409,False,False
MAXUSDT,2025-01-09 21:00:00+09:00,0.17121,0.17121,0.16184,0.16919,2046039.0,4505948.0,0.0001,-2.602,-28.182,-3.843,False,False
MBLUSDT,2025-01-09 21:00:00+09:00,0.004,0.004053,0.003738,0.003856,1255194900.0,562339100.0,-0.000249,3.879,141.696,79.899,True,False
MBOXUSDT,2025-01-09 21:00:00+09:00,0.1811,0.1816,0.1733,0.1814,1200088.0,6485184.0,0.0001,-0.657,-15.67,-0.396,False,True
MDTUSDT,2025-01-09 21:00:00+09:00,0.05357,0.05378,0.05191,0.05367,2496680.0,19399520.0,0.0001,-1.014,-76.045,-7.521,False,False
MEMEFIUSDT,2025-01-09 21:00:00+09:00,0.00389,0.003907,0.003663,0.003871,593832200.0,793710000.0,0.0001,-1.676,-24.635,-7.556,False,False
MEMEUSDT,2025-01-09 21:00:00+09:00,0.009464,0.009513,0.0091,0.009476,334919960.0,882971610.0,0.0001,-0.263,76.343,-0.911,True,True
MERLUSDT,2025-01-09 21:00:00+09:00,0.2278,0.2303,0.2187,0.2298,1578127.8,19696579.6,0.0001,2.406,-34.108,-0.892,False,False
METISUSDT,2025-01-09 21:00:00+09:00,38.41,38.68,36.51,38.65,8898.83,68073.06,0.0001,-2.078,-22.262,-3.386,False,False
MEUSDT,2025-01-09 21:00:00+09:00,2.6862,2.7664,2.5917,2.7534,1654901.0,3553817.0,0.0001,0.972,-4.756,6.059,False,True
MEWUSDT,2025-01-09 21:00:00+09:00,0.0058,0.005835,0.005562,0.005815,421524000.0,2381950400.0,0.0001,-1.74,-29.578,0.078,False,False
MINAUSDT,2025-01-09 21:00:00+09:00,0.5745,0.5771,0.5494,0.5727,1793203.8,9035082.9,0.000586,-1.395,-34.724,3.738,False,False
MKRUSDT,2025-01-09 21:00:00+09:00,1492.3,1513.9,1448.3,1512.9,1800.53,10174.49699999,0.0001,1.865,2.222,0.681,False,False
MNTUSDT,2025-01-09 21:00:00+09:00,1.1689,1.1766,1.1263,1.1628,5210617.0,28286199.0,-3.6e-05,-2.491,-41.69,-1.783,False,False
MOBILEUSDT,2025-01-09 21:00:00+09:00,0.0008952,0.0009009,0.0008673,0.0008996,184103800.0,769792800.0,0.0001,-0.849,-23.314,2.59,False,True
MOCAUSDT,2025-01-09 21:00:00+09:00,0.22193,0.23154,0.21349,0.23035,31013036.0,58111163.0,0.000694,-0.441,-0.976,14.392,False,True
MONUSDT,2025-01-09 21:00:00+09:00,0.10709,0.10756,0.09938,0.10359,2997708.0,4707226.0,0.0001,-6.431,36.594,12.191,True,False
MOODENGUSDT,2025-01-09 21:00:00+09:00,0.20029,0.20138,0.18758,0.19963,28454171.0,70959730.0,0.0001,-2.032,-22.787,-0.674,False,False
MORPHOUSDT,2025-01-09 21:00:00+09:00,3.113,3.1252,2.9536,3.0784,1680151.0,2751221.0,0.0001,-5.466,-5.386,-2.893,False,False
MOTHERUSDT,2025-01-09 21:00:00+09:00,0.024807,0.02493,0.022083,0.024096,43842310.0,92401490.0,0.0001,-4.932,18.859,3.456,False,False
MOVEUSDT,2025-01-09 21:00:00+09:00,0.8502,0.8705,0.8193,0.8676,11850104.0,18420958.0,0.0001,0.035,-27.992,-5.238,False,True
MOVRUSDT,2025-01-09 21:00:00+09:00,11.5,11.618,10.981,11.59,17995.8,269009.7,0.000356,0.009,-34.772,-0.122,False,True
MTLUSDT,2025-01-09 21:00:00+09:00,1.387,1.4179,1.3058,1.37,7885783.5,3122771.7,0.0001,3.303,223.165,131.482,True,False
MVLUSDT,2025-01-09 21:00:00+09:00,0.005262,0.005264,0.004915,0.005063,490960500.0,191799400.0,0.0001,2.99,364.722,144.305,True,False
MYRIAUSDT,2025-01-09 21:00:00+09:00,0.001905,0.001916,0.00179,0.001913,228926410.0,876419920.0,0.0001,-3.09,-30.73,-2.995,False,False
MYROUSDT,2025-01-09 21:00:00+09:00,0.05488,0.05586,0.05214,0.05558,28080838.0,156822183.0,0.000515,-0.608,-41.614,-1.01,False,True
NEARUSDT,2025-01-09 21:00:00+09:00,4.991,5.093,4.831,5.067,3675764.6,12458703.0,0.0001,-0.628,-30.825,0.012,False,True
NEIROETHUSDT,2025-01-09 21:00:00+09:00,0.03828,0.03912,0.03638,0.03889,44043081.0,248484208.0,0.0001,0.0,-45.009,-2.715,False,True
NEOUSDT,2025-01-09 21:00:00+09:00,15.034,15.234,14.557,15.109,301721.97,613922.31,2.9e-05,0.915,33.272,-5.657,False,True
NFPUSDT,2025-01-09 21:00:00+09:00,0.2576,0.2601,0.2457,0.259,926731.5,6507795.2,0.0001,0.504,-22.854,0.067,False,True
NKNUSDT,2025-01-09 21:00:00+09:00,0.08599,0.08613,0.08219,0.08576,1881675.0,6925034.0,0.0001,-1.187,29.424,4.654,False,False
NMRUSDT,2025-01-09 21:00:00+09:00,15.0,15.078,14.387,15.054,20838.3,99839.4,0.0001,-0.258,83.248,6.326,False,True
NOTUSDT,2025-01-09 21:00:00+09:00,0.005794,0.005847,0.0056,0.005838,611738770.0,4126454860.0,0.0001,-0.137,-41.632,0.419,False,True
NSUSDT,2025-01-09 21:00:00+09:00,0.2471,0.2487,0.2349,0.246,2543327.0,9517382.0,0.0001,-5.385,18.555,11.472,False,False
NTRNUSDT,2025-01-09 21:00:00+09:00,0.3388,0.3399,0.3256,0.3391,253097.0,4666919.0,0.0001,-1.166,-29.196,-2.438,False,False
NULSUSDT,2025-01-09 21:00:00+09:00,0.3505,0.3507,0.3352,0.3481,255706.0,809847.0,0.0001,-3.279,51.82,8.06,True,False
NYANUSDT,2025-01-09 21:00:00+09:00,0.08076,0.08101,0.07786,0.08053,1722556.0,11514645.0,0.0001,1.551,38.097,-1.215,False,False
OGNUSDT,2025-01-09 21:00:00+09:00,0.1077,0.108,0.103,0.1077,2396907.0,13764001.0,0.0001,-1.011,-19.018,0.009,False,False
OGUSDT,2025-01-09 21:00:00+09:00,4.6308,4.6688,4.5164,4.6645,65304.1,279573.3,-0.000168,-1.814,-46.82,-3.205,False,False
OLUSDT,2025-01-09 21:00:00+09:00,0.1634,0.16536,0.15318,0.16498,19467305.0,18789207.0,0.0001,-5.091,-18.829,-1.354,False,False
OMGUSDT,2025-01-09 21:00:00+09:00,0.3066,0.3128,0.2967,0.3119,654094.7,4086970.8,0.0001,-0.288,-52.64,-4.995,False,True
OMNIUSDT,2025-01-09 21:00:00+09:00,8.997,9.087,8.693,9.055,141738.37,272266.03999999,0.0001,5.278,39.23,5.207,False,False
OMUSDT,2025-01-09 21:00:00+09:00,3.7637,3.98,3.6741,3.9594,3602928.0,3541744.0,-0.000106,0.702,47.118,3.566,True,True
ONDOUSDT,2025-01-09 21:00:00+09:00,1.237,1.2547,1.1917,1.247,19366722.0,82806181.0,-2.4e-05,-1.834,-28.005,-4.444,False,False
ONEUSDT,2025-01-09 21:00:00+09:00,0.02453,0.02477,0.02332,0.02465,40950217.0,185474034.0,0.0001,-1.242,-24.707,-2.634,False,False
ONGUSDT,2025-01-09 21:00:00+09:00,0.3819,0.3847,0.3621,0.3757,11956217.0,9304972.0,0.0001,1.788,131.966,41.6,True,False
ONTUSDT,2025-01-09 21:00:00+09:00,0.25725,0.258,0.24435,0.2549,4867463.0,11672931.0,0.0001,1.98,62.527,15.546,False,False
OPUSDT,2025-01-09 21:00:00+09:00,1.7737,1.7937,1.711,1.7908,4129408.5,25632222.0,5.9e-05,-0.495,-38.593,-0.523,False,True
ORBSUSDT,2025-01-09 21:00:00+09:00,0.03143,0.03143,0.02975,0.03106,38876130.0,111006850.0,0.0005,2.644,47.163,7.802,False,False
ORCAUSDT,2025-01-09 21:00:00+09:00,3.547,3.56,3.353,3.536,243403.5,593794.4,0.0001,-1.941,33.598,5.505,False,False
ORDERUSDT,2025-01-09 21:00:00+09:00,0.2297,0.241,0.2253,0.2401,5152857.0,13274293.0,0.0001,0.167,20.093,-9.755,False,True
ORDIUSDT,2025-01-09 21:00:00+09:00,23.96,24.259,23.165,24.12,734406.89,1709037.3,0.0001,2.577,-21.563,4.401,False,False
OSMOUSDT,2025-01-09 21:00:00+09:00,0.4752,0.4775,0.456,0.4743,592700.0,2801623.0,0.0001,-0.94,-51.018,-5.9,False,True
OXTUSDT,2025-01-09 21:00:00+09:00,0.11453,0.1148,0.10969,0.11436,2548090.0,16232360.0,0.0001,-1.414,-7.02,1.442,False,False
PAXGUSDT,2025-01-09 21:00:00+09:00,2675.0,2685.0,2673.0,2678.0,170.365,1167.92699999,0.0001,0.337,-34.082,0.037,False,True
PEAQUSDT,2025-01-09 21:00:00+09:00,0.5243,0.5255,0.4933,0.5035,2950147.0,9762249.0,0.0001,-6.759,-16.623,0.295,False,False
PENDLEUSDT,2025-01-09 21:00:00+09:00,4.1608,4.1928,3.8986,4.1314,1471221.0,3690524.0,-1.7e-05,-1.408,-27.044,-0.057,False,False
PENGUSDT,2025-01-09 21:00:00+09:00,0.0889,0.0891,0.0831,0.0883,3695459.0,19186466.0,0.0001,-1.341,-24.036,-0.276,False,False
PENGUUSDT,2025-01-09 21:00:00+09:00,0.03279,0.03432,0.03138,0.03419,798978520.0,1195275410.0,5e-05,-2.786,-0.345,-4.043,False,False
PEOPLEUSDT,2025-01-09 21:00:00+09:00,0.03838,0.03877,0.03689,0.03865,58980230.0,180564926.0,0.0001,0.914,-44.927,0.751,False,True
PERPUSDT,2025-01-09 21:00:00+09:00,0.7028,0.7081,0.6746,0.7058,193283.0,3427317.0,0.0001,-0.141,-27.738,1.146,False,True
PHAUSDT,2025-01-09 21:00:00+09:00,0.3039,0.30724,0.28911,0.30651,11524042.0,17018494.0,0.0001,-1.19,-56.844,-7.347,False,False
PHBUSDT,2025-01-09 21:00:00+09:00,1.4445,1.4523,1.3809,1.449,196044.0,1214792.0,0.0001,-1.052,-38.993,-3.128,False,False
PIRATEUSDT,2025-01-09 21:00:00+09:00,0.1382,0.1393,0.1336,0.1393,1282624.0,10257742.0,0.0001,-0.429,12.327,1.931,False,True
PIXELUSDT,2025-01-09 21:00:00+09:00,0.1431,0.1443,0.1364,0.1433,5323771.0,24478624.0,0.0001,-0.83,-3.537,1.626,False,True
PNUTUSDT,2025-01-09 21:00:00+09:00,0.56,0.563,0.5255,0.5586,33221636.0,38673939.0,0.0001,-1.15,-29.759,-1.262,False,False
POLUSDT,2025-01-09 21:00:00+09:00,0.4617,0.4635,0.4417,0.4594,13719329.0,65934081.0,0.0001,-0.196,-22.331,-1.196,False,True
POLYXUSDT,2025-01-09 21:00:00+09:00,0.2933,0.2954,0.2791,0.2906,4590430.0,8157287.0,0.0001,2.001,47.821,8.664,False,False
PONKEUSDT,2025-01-09 21:00:00+09:00,0.27221,0.27505,0.2586,0.27352,7054129.0,22095784.0,0.000119,-0.102,-49.429,-1.733,False,True
POPCATUSDT,2025-01-09 21:00:00+09:00,0.5678,0.5745,0.5217,0.5484,70420380.0,172300008.0,0.0001,-7.381,-21.887,1.088,False,False
PORTALUSDT,2025-01-09 21:00:00+09:00,0.2825,0.2833,0.2666,0.2826,1993089.6,10088137.69999999,5.1e-05,-0.946,-13.323,-0.294,False,True
POWRUSDT,2025-01-09 21:00:00+09:00,0.3072,0.3082,0.2926,0.3046,10472907.0,12925909.0,0.0001,3.465,-28.269,9.581,False,False
PRCLUSDT,2025-01-09 21:00:00+09:00,0.2669,0.2673,0.2467,0.2641,2328853.0,13604725.0,0.0001,-3.789,-19.93,0.284,False,False
PRIMEUSDT,2025-01-09 21:00:00+09:00,13.682,13.682,12.698,13.145,200048.4,407642.3,0.0001,-9.364,-32.229,-7.96,False,False
PROMUSDT,2025-01-09 21:00:00+09:00,5.479,5.509,5.311,5.466,17987.1,143065.7,0.0001,-0.564,-62.901,-3.321,False,True
PROSUSDT,2025-01-09 21:00:00+09:00,0.503,0.5052,0.4786,0.493,634693.0,1208756.0,0.0001,-1.083,20.393,-5.22,False,False
PUFFERUSDT,2025-01-09 21:00:00+09:00,0.6734,0.6942,0.6516,0.6937,4066260.0,13342741.0,0.0001,3.291,-35.768,-1.82,False,False
PYRUSDT,2025-01-09 21:00:00+09:00,2.918,2.92,2.795,2.902,47909.0,281480.0,0.0001,-1.023,-36.893,1.627,False,False
PYTHUSDT,2025-01-09 21:00:00+09:00,0.3358,0.337,0.3204,0.3351,13783332.0,48429985.0,3.7e-05,-1.15,-25.359,-1.112,False,False
QIUSDT,2025-01-09 21:00:00+09:00,0.01501,0.01505,0.01449,0.01498,3565770.0,39734050.0,0.0001,-1.057,-23.848,-0.628,False,False
QNTUSDT,2025-01-09 21:00:00+09:00,104.08,104.54,100.23,104.31,7546.01,44793.32,7.1e-05,-0.761,-6.177,-2.131,False,True
QTUMUSDT,2025-01-09 21:00:00+09:00,3.224,3.247,3.089,3.205,265189.9,1992089.9,0.0001,0.786,42.072,0.68,False,True
QUICKUSDT,2025-01-09 21:00:00+09:00,0.04103,0.04126,0.03949,0.0412,667520.0,9340380.0,0.0001,0.122,-45.547,-4.412,False,True
RADUSDT,2025-01-09 21:00:00+09:00,1.266,1.266,1.206,1.242,196932.8,972699.5,0.0001,1.058,40.086,0.195,True,False
RAREUSDT,2025-01-09 21:00:00+09:00,0.1029,0.1039,0.0993,0.1038,3271645.0,20080217.0,0.000704,0.387,-8.031,1.348,False,True
RAYDIUMUSDT,2025-01-09 21:00:00+09:00,5.0208,5.0419,4.7013,5.0081,287443.7,1549270.1,0.0001,-3.588,30.858,0.309,False,False
RDNTUSDT,2025-01-09 21:00:00+09:00,0.05461,0.05508,0.05246,0.05497,9045780.0,41500762.0,-0.000407,-0.163,-23.976,0.581,False,True
REEFUSDT,2025-01-09 21:00:00+09:00,0.000973,0.00098,0.000929,0.000976,607524110.0,6566141220.0,0.0002,-0.712,-38.936,-1.025,False,True
RENDERUSDT,2025-01-09 21:00:00+09:00,7.223,7.295,6.891,7.279,1479087.1,3967297.9,-5.3e-05,-1.369,-20.414,-5.659,False,False
RENUSDT,2025-01-09 21:00:00+09:00,0.03006,0.03061,0.02865,0.03061,6807816.8,50328272.2,0.0001,-0.033,-49.91,-1.641,False,True
REQUSDT,2025-01-09 21:00:00+09:00,0.11965,0.12021,0.11595,0.11984,1512444.0,6893972.0,0.0001,-0.415,-30.355,-2.328,False,True
REZUSDT,2025-01-09 21:00:00+09:00,0.03172,0.032,0.03003,0.03194,12016510.0,57050026.0,0.0001,-0.653,-5.665,-0.176,False,True
RIFSOLUSDT,2025-01-09 21:00:00+09:00,0.03228,0.03237,0.02924,0.03161,72202792.0,173285316.0,0.0001,-3.569,-22.271,0.92,False,False
RIFUSDT,2025-01-09 21:00:00+09:00,0.0958,0.09613,0.09175,0.09557,2215409.0,8379575.0,0.0001,-1.179,1.478,-4.819,False,False
RLCUSDT,2025-01-09 21:00:00+09:00,2.0785,2.0907,1.9953,2.0794,46031.1,596950.8,0.0001,-1.474,-50.394,-3.884,False,False
RONUSDT,2025-01-09 21:00:00+09:00,1.826,1.841,1.772,1.839,137547.2,1584905.4,-9.4e-05,-0.271,0.19,-1.533,False,True
ROSEUSDT,2025-01-09 21:00:00+09:00,0.07622,0.07648,0.07258,0.07638,12691733.0,77074578.0,6.1e-05,-1.939,-54.08,1.883,False,False
RPLUSDT,2025-01-09 21:00:00+09:00,10.69,10.755,10.27,10.735,15542.65,78419.25999999,-5.2e-05,-0.51,-22.037,-0.277,False,True
RSRUSDT,2025-01-09 21:00:00+09:00,0.01319,0.013331,0.012552,0.0133,212179980.0,556046290.0,-3.6e-05,-1.503,-26.881,5.501,False,False
RSS3USDT,2025-01-09 21:00:00+09:00,0.12153,0.12167,0.11341,0.11769,2529863.0,10341662.0,0.0001,-8.462,34.891,0.346,False,False
RUNEUSDT,2025-01-09 21:00:00+09:00,3.784,3.803,3.51,3.683,3159501.2,7156698.4,1e-06,-5.878,29.203,1.052,True,False
RVNUSDT,2025-01-09 21:00:00+09:00,0.01995,0.02001,0.01914,0.01982,16866473.0,171883671.0,0.0001,-0.552,-31.109,2.331,False,True
SAFEUSDT,2025-01-09 21:00:00+09:00,0.9516,0.9774,0.9154,0.9756,744707.9,3089589.0,6.1e-05,3.14,-32.741,5.889,False,False
SAGAUSDT,2025-01-09 21:00:00+09:00,1.273,1.2918,1.2215,1.2888,779232.6,3295673.6,0.0001,0.845,-43.986,0.815,False,True
SANDUSDT,2025-01-09 21:00:00+09:00,0.5981,0.607,0.5732,0.5955,36803858.0,47193455.0,2.2e-05,0.135,-4.112,2.579,False,True
SCAUSDT,2025-01-09 21:00:00+09:00,0.2226,0.2251,0.2124,0.2247,719808.8,2798852.7,0.0001,-0.97,5.892,-4.149,False,True
SCRTUSDT,2025-01-09 21:00:00+09:00,0.4385,0.4419,0.4217,0.441,1540408.0,3557104.5,0.0001,-0.899,-30.28,-3.72,False,True
SCRUSDT,2025-01-09 21:00:00+09:00,0.832,0.844,0.801,0.842,1696472.3,9008641.6,0.0001,-0.237,-25.304,0.098,False,True
SCUSDT,2025-01-09 21:00:00+09:00,0.006181,0.00619,0.005815,0.005984,200376380.0,541929730.0,0.000458,-0.366,13.342,11.087,False,True
SDUSDT,2025-01-09 21:00:00+09:00,1.1755,1.1893,1.1305,1.1754,369828.0,1170130.0,0.0001,-1.027,-35.588,-2.959,False,False
SEIUSDT,2025-01-09 21:00:00+09:00,0.384,0.3869,0.3687,0.3856,44946483.0,125394775.0,4e-05,-1.255,-30.082,-4.093,False,False
SENDUSDT,2025-01-09 21:00:00+09:00,2.431,2.5116,2.3509,2.5038,385414.0,1002422.0,0.0001,-0.524,-26.654,0.336,False,True
SFPUSDT,2025-01-09 21:00:00+09:00,0.6825,0.6892,0.6632,0.6884,216884.0,4361771.3,0.0001,0.526,-28.543,0.845,False,True
SHIB1000USDT,2025-01-09 21:00:00+09:00,0.021121,0.021668,0.020466,0.021605,665482820.0,2095233080.0,0.0001,1.704,-37.04,0.501,False,False
SILLYUSDT,2025-01-09 21:00:00+09:00,0.00788,0.00797,0.00721,0.00756,47593223.0,180896219.0,0.0001,-3.201,5.26,2.175,False,False
SKLUSDT,2025-01-09 21:00:00+09:00,0.0447,0.04507,0.04283,0.0447,4378491.0,38631937.0,0.0001,0.269,4.252,0.513,False,True
SLERFUSDT,2025-01-09 21:00:00+09:00,0.1539,0.1546,0.1477,0.1544,4714923.0,20187672.0,0.0001,-1.152,-9.73,0.545,False,False
SLFUSDT,2025-01-09 21:00:00+09:00,0.2875,0.2899,0.2745,0.2851,440184.0,4212375.0,1.3e-05,0.564,-87.017,-1.622,False,True
SLPUSDT,2025-01-09 21:00:00+09:00,0.003529,0.00355,0.003366,0.003521,74757700.0,665469770.0,0.0001,-1.977,-43.527,1.19,False,False
SNTUSDT,2025-01-09 21:00:00+09:00,0.0455,0.04565,0.04336,0.04464,25846800.0,72974170.0,-0.000841,0.518,14.038,7.354,False,True
SNXUSDT,2025-01-09 21:00:00+09:00,1.822,1.836,1.746,1.825,709703.8,4556396.7,0.0001,-1.298,-39.114,-0.423,False,False
SOLOUSDT,2025-01-09 21:00:00+09:00,0.4657,0.4746,0.4493,0.4744,771806.0,2574510.0,0.0001,-0.503,-54.464,-9.544,False,True
SOLUSDT,2025-01-09 21:00:00+09:00,191.08,192.04,184.92,191.38,2058997.4,5133160.3,0.0001,-1.457,-33.516,2.313,False,False
SONICUSDT,2025-01-09 21:00:00+09:00,0.7475,0.8196,0.7353,0.8172,63515322.0,29050039.0,5e-05,2.239,-45.21,1.218,False,False
SPECUSDT,2025-01-09 21:00:00+09:00,8.379,8.448,7.904,8.366,88395.59,613194.52,-0.001778,-3.861,-42.474,-1.53,False,False
SPELLUSDT,2025-01-09 21:00:00+09:00,0.0007383,0.0007476,0.0007148,0.0007462,299398450.0,1527403460.0,0.0001,-1.205,-31.203,-2.331,False,False
SPXUSDT,2025-01-09 21:00:00+09:00,1.2388,1.2488,1.1571,1.1719,10593092.0,13345026.0,-0.000504,-8.943,-14.658,1.938,False,False
SSVUSDT,2025-01-09 21:00:00+09:00,20.395,20.76,19.515,20.585,38712.75,121391.04,0.0001,0.097,-9.763,-3.433,False,True
STEEMUSDT,2025-01-09 21:00:00+09:00,0.2948,0.2982,0.2862,0.2934,47324130.0,38614577.0,0.0001,1.347,-28.882,6.417,False,False
STGUSDT,2025-01-09 21:00:00+09:00,0.413,0.4326,0.409,0.427,27231853.3,14203414.1,0.0001,5.25,36.534,2.611,True,False
STMXUSDT,2025-01-09 21:00:00+09:00,0.006383,0.0065,0.005977,0.006267,1332868675.0,574290425.0,0.0001,4.224,121.263,24.776,True,False
STORJUSDT,2025-01-09 21:00:00+09:00,0.5481,0.5481,0.5215,0.5407,5316086.3,11351037.9,0.0001,0.521,34.56,4.563,False,True
STPTUSDT,2025-01-09 21:00:00+09:00,0.07432,0.07474,0.0695,0.07381,30080960.0,31951170.0,-0.001134,6.416,-28.423,0.274,False,False
STRKUSDT,2025-01-09 21:00:00+09:00,0.4351,0.4383,0.4187,0.4372,8684632.4,75338223.6,0.0001,-0.319,-48.716,-0.547,False,True
STXUSDT,2025-01-09 21:00:00+09:00,1.5157,1.5314,1.4644,1.5266,3809177.6,19830756.3,-7.1e-05,0.052,-21.046,2.579,False,True
SUIUSDT,2025-01-09 21:00:00+09:00,4.6104,4.7234,4.4937,4.6951,23310500.0,43571810.0,6.3e-05,-1.595,-25.818,-4.679,False,False
SUNDOGUSDT,2025-01-09 21:00:00+09:00,0.08455,0.08503,0.08041,0.08445,24729995.0,76974528.0,0.0001,-3.298,-40.53,-2.664,False,False
SUNUSDT,2025-01-09 21:00:00+09:00,0.023733,0.023789,0.023004,0.023673,13605850.0,64884100.0,0.0001,-2.512,-40.66,-3.188,False,False
SUPERUSDT,2025-01-09 21:00:00+09:00,1.2248,1.2444,1.1541,1.2409,1151709.0,6456293.0,0.0001,-0.95,-45.821,-1.309,False,True
SUSHIUSDT,2025-01-09 21:00:00+09:00,1.4936,1.504,1.4261,1.4975,2308972.3,7731111.1,1.8e-05,-0.611,-30.911,1.325,False,True
SWARMSUSDT,2025-01-09 21:00:00+09:00,0.29277,0.29402,0.25243,0.28909,85097870.0,30836915.0,0.0001,-8.715,3.293,7.85,False,False
SWEATUSDT,2025-01-09 21:00:00+09:00,0.007925,0.007949,0.007464,0.007673,92939100.0,143562340.0,-0.000148,-3.045,42.21,-14.528,False,False
SWELLUSDT,2025-01-09 21:00:00+09:00,0.02782,0.02791,0.02606,0.02772,34334360.0,126420100.0,0.0001,0.145,2.197,2.142,False,True
SXPUSDT,2025-01-09 21:00:00+09:00,0.3593,0.3612,0.3438,0.3569,8803677.2,21511586.6,-0.0016,2.147,9.333,3.721,False,False
SYNUSDT,2025-01-09 21:00:00+09:00,0.5938,0.5951,0.5682,0.5915,436167.0,2654263.0,0.0001,-2.005,-31.702,0.491,False,False
SYSUSDT,2025-01-09 21:00:00+09:00,0.1085,0.1092,0.1051,0.109,1180559.0,4333740.0,0.0001,-0.183,-10.156,-0.459,False,True
TAIKOUSDT,2025-01-09 21:00:00+09:00,1.5873,1.5967,1.5127,1.5762,1982537.1,3462571.3,0.0001,-0.467,20.746,0.746,False,True
TAIUSDT,2025-01-09 21:00:00+09:00,0.26537,0.27232,0.24518,0.27112,3925699.0,15705113.0,0.0001,-0.375,-21.427,-0.653,False,True
TAOUSDT,2025-01-09 21:00:00+09:00,452.58,461.75,435.58,461.08,23402.187,125400.695,0.0001,0.109,-27.242,-2.986,False,True
THETAUSDT,2025-01-09 21:00:00+09:00,2.1585,2.1839,2.0749,2.1612,1204859.4,4812766.4,6.4e-05,-0.341,-21.469,-3.381,False,True
THEUSDT,2025-01-09 21:00:00+09:00,1.202,1.21,1.1427,1.2042,1212203.0,2150466.0,0.0001,-1.247,-43.726,2.517,False,False
TIAUSDT,2025-01-09 21:00:00+09:00,4.575,4.652,4.366,4.638,4576694.7,16968717.8,0.0001,2.407,-16.484,2.597,False,False
TLMUSDT,2025-01-09 21:00:00+09:00,0.012463,0.012504,0.011955,0.012479,6471217.0,63137979.0,0.0001,-0.874,-32.122,0.531,False,True
TNSRUSDT,2025-01-09 21:00:00+09:00,0.3982,0.3982,0.3733,0.3916,1567266.7,5275923.2,2.8e-05,-1.385,-30.875,4.221,False,False
TOKENUSDT,2025-01-09 21:00:00+09:00,0.05396,0.05554,0.05068,0.05519,125010940.0,215782340.0,0.0001,-13.509,314.359,52.516,True,False
TONUSDT,2025-01-09 21:00:00+09:00,5.2293,5.2577,5.095,5.2505,1353346.9,13963616.7,9.2e-05,-0.857,-36.894,-0.945,False,True
TRBUSDT,2025-01-09 21:00:00+09:00,58.0,58.72,56.31,58.58,71984.71,584013.12,0.000522,0.188,-39.286,0.141,False,True
TROYUSDT,2025-01-09 21:00:00+09:00,0.003122,0.003215,0.003032,0.003206,628000900.0,1229325400.0,0.0001,-5.511,-18.648,6.747,False,False
TRUUSDT,2025-01-09 21:00:00+09:00,0.07938,0.07999,0.07596,0.07968,2766411.0,17151960.0,0.0001,-0.624,-23.171,0.327,False,True
TRXUSDT,2025-01-09 21:00:00+09:00,0.24473,0.24523,0.23943,0.24429,46839067.0,186668231.0,0.0001,-1.253,-2.902,-2.566,False,False
TUSDT,2025-01-09 21:00:00+09:00,0.02973,0.02974,0.02817,0.02908,24252420.0,45199920.0,7.5e-05,0.0,115.801,31.999,True,True
TWTUSDT,2025-01-09 21:00:00+09:00,1.1519,1.1586,1.1163,1.1511,679952.5,7427700.9,8.2e-05,-2.754,-46.295,-0.236,False,False
UMAUSDT,2025-01-09 21:00:00+09:00,2.59,2.622,2.495,2.596,217098.3,1516166.6,0.000401,0.232,-24.299,-0.495,False,True
UNIUSDT,2025-01-09 21:00:00+09:00,12.829,12.918,12.361,12.826,787706.4,3694476.2,0.0001,-1.784,-63.405,-1.31,False,False
UROUSDT,2025-01-09 21:00:00+09:00,0.03793,0.03832,0.0349,0.03821,24858480.0,52773490.0,0.0001,-0.235,-24.114,10.934,False,True
USDCUSDT,2025-01-09 21:00:00+09:00,1.0002,1.0005,1.0,1.0004,1012781.8,5434487.8,0.0,0.01,-49.342,-0.718,False,True
USDEUSDT,2025-01-09 21:00:00+09:00,0.9986,0.999,0.998,0.9985,237682.0,2112508.0,0.0001,-0.03,-46.455,-1.216,False,True
USTCUSDT,2025-01-09 21:00:00+09:00,0.01856,0.01863,0.01786,0.01859,16861480.0,96856750.0,0.0001,-0.906,-27.472,1.199,False,True
USUALUSDT,2025-01-09 21:00:00+09:00,0.6773,0.6838,0.635,0.6784,15865257.0,44808522.0,0.0001,-2.571,-5.66,4.094,False,False
UXLINKUSDT,2025-01-09 21:00:00+09:00,1.2946,1.3318,1.2539,1.3227,7880077.0,11233305.0,0.000298,-1.394,-7.011,-1.156,False,False
VANAUSDT,2025-01-09 21:00:00+09:00,13.964,14.123,13.379,14.089,346521.19,1155186.68,0.0001,-1.033,-27.812,-3.485,False,False
VANRYUSDT,2025-01-09 21:00:00+09:00,0.09903,0.09949,0.09364,0.09906,8159660.0,45363167.0,0.0001,-1.108,-44.914,1.515,False,False
VELODROMEUSDT,2025-01-09 21:00:00+09:00,0.13957,0.14076,0.13167,0.13907,6019318.0,20115157.0,0.0001,-1.074,-39.536,0.153,False,False
VELOUSDT,2025-01-09 21:00:00+09:00,0.029639,0.03051,0.028787,0.030429,76801920.0,208172720.0,0.0001,-2.355,-43.384,-0.281,False,False
VETUSDT,2025-01-09 21:00:00+09:00,0.0456,0.04611,0.04345,0.04547,76428372.0,357981873.0,0.0001,0.309,-33.963,-0.377,False,True
VIDTUSDT,2025-01-09 21:00:00+09:00,0.02815,0.02843,0.02707,0.02838,7614370.0,32013740.0,0.0001,-2.239,7.53,4.575,False,False
VIRTUALUSDT,2025-01-09 21:00:00+09:00,3.3036,3.3544,3.0996,3.3272,17639052.0,25274177.0,-0.000414,-1.173,-26.988,-3.872,False,False
VOXELUSDT,2025-01-09 21:00:00+09:00,0.1677,0.1683,0.1607,0.1677,435031.0,2866313.0,0.0001,-1.469,-4.53,0.47,False,False
VRAUSDT,2025-01-09 21:00:00+09:00,0.004104,0.004204,0.003902,0.00419,212619500.0,865997100.0,0.0001,-2.057,-43.658,-4.862,False,False
VTHOUSDT,2025-01-09 21:00:00+09:00,0.0025,0.002543,0.002419,0.002541,58154400.0,201709500.0,0.0001,1.599,-29.415,-3.177,False,False
WAVESUSDT,2025-01-09 21:00:00+09:00,1.837,1.855,1.7585,1.8185,2908544.5,4300672.09999999,0.0001,2.915,152.677,-5.971,True,False
WAXPUSDT,2025-01-09 21:00:00+09:00,0.04768,0.0479,0.04555,0.04726,30815240.0,32250530.0,0.0001,4.166,101.879,38.04,True,False
WIFUSDT,2025-01-09 21:00:00+09:00,1.6089,1.6241,1.5055,1.6032,39604298.0,71589493.0,0.0001,-4.577,16.345,2.38,False,False
WLDUSDT,2025-01-09 21:00:00+09:00,2.175,2.194,2.088,2.183,12143385.5,28832976.7,4.2e-05,-0.501,-32.376,-3.848,False,True
WOOUSDT,2025-01-09 21:00:00+09:00,0.2033,0.2063,0.1944,0.2056,2969305.1,20940810.1,0.0001,-1.955,-47.357,-1.282,False,False
WUSDT,2025-01-09 21:00:00+09:00,0.2607,0.2617,0.2495,0.2609,8829228.0,53527560.8,0.0001,0.154,-32.63,0.132,False,True
XAIUSDT,2025-01-09 21:00:00+09:00,0.2113,0.2127,0.2014,0.2124,7010815.0,34060165.0,-3.3e-05,-0.979,-38.284,1.018,False,True
