symbol,timestamp,open,high,low,close,volume,openInterest,funding_rate,price_change_rate,volume_change_rate,oi_change_rate,volume_spike_flag
10000000AIDOGEUSDT,2025-01-16 23:00:00+09:00,0.002542,0.00255,0.002528,0.002548,636400.0,0.0,0.00069,1.111,-93.413,0.0,False
1000000BABYDOGEUSDT,2025-01-16 23:00:00+09:00,0.0028116,0.0028188,0.0027872,0.0028132,53066100.0,0.0,0.0001,0.135,-68.623,0.0,False
1000000CHEEMSUSDT,2025-01-16 23:00:00+09:00,0.5844,0.588,0.5802,0.5875,39591.0,0.0,0.0001,-2.619,-79.459,0.0,False
1000000MOGUSDT,2025-01-16 23:00:00+09:00,1.8251,1.8278,1.8026,1.8191,175042.0,0.0,0.00101,-4.729,-66.649,0.0,False
1000000PEIPEIUSDT,2025-01-16 23:00:00+09:00,0.07616,0.07623,0.07548,0.0761,142360.0,0.0,0.001884,-0.653,-79.078,0.0,False
10000COQUSDT,2025-01-16 23:00:00+09:00,0.01289,0.01291,0.01284,0.0129,824610.0,0.0,0.0001,-0.463,-81.673,0.0,False
10000LADYSUSDT,2025-01-16 23:00:00+09:00,0.0006887,0.0006912,0.0006856,0.0006882,10914800.0,0.0,0.000193,-0.506,-84.452,0.0,False
10000QUBICUSDT,2025-01-16 23:00:00+09:00,0.0248,0.02497,0.02467,0.02476,539260.0,0.0,0.0001,0.365,-51.117,0.0,False
10000SATSUSDT,2025-01-16 23:00:00+09:00,0.001427,0.001431,0.00142,0.001431,28591100.0,0.0,0.000238,0.633,-78.819,0.0,False
10000WENUSDT,2025-01-16 23:00:00+09:00,0.8044,0.8044,0.7979,0.8036,16346.0,0.0,0.0001,-2.191,-95.844,0.0,False
10000WHYUSDT,2025-01-16 23:00:00+09:00,0.001035,0.001035,0.001018,0.001026,31646600.0,0.0,0.000197,-0.292,-50.226,0.0,False
1000APUUSDT,2025-01-16 23:00:00+09:00,0.7224,0.7234,0.7143,0.7234,34392.0,0.0,0.001286,-0.152,-91.004,0.0,False
1000BONKUSDT,2025-01-16 23:00:00+09:00,0.029181,0.029498,0.029041,0.029465,61648400.0,0.0,0.000877,2.238,-62.046,0.0,False
1000BTTUSDT,2025-01-16 23:00:00+09:00,0.0011511,0.0011526,0.0011468,0.0011519,19034400.0,0.0,-0.00018,-0.32,-75.906,0.0,False
1000CATSUSDT,2025-01-16 23:00:00+09:00,0.015,0.01507,0.01495,0.01501,304100.0,0.0,0.000271,-0.859,-70.32,0.0,False
1000CATUSDT,2025-01-16 23:00:00+09:00,0.02783,0.02792,0.02764,0.02792,3255597.0,0.0,0.000468,-0.321,-75.778,0.0,False
1000FLOKIUSDT,2025-01-16 23:00:00+09:00,0.16986,0.17127,0.16888,0.17114,2805115.0,0.0,0.000476,1.332,-53.746,0.0,False
1000LUNCUSDT,2025-01-16 23:00:00+09:00,0.10363,0.10382,0.10334,0.10382,102504.0,0.0,0.0001,-0.307,-88.458,0.0,False
1000MUMUUSDT,2025-01-16 23:00:00+09:00,0.017793,0.017862,0.017574,0.01772,1372370.0,0.0,0.00279,-3.717,-57.338,0.0,False
1000NEIROCTOUSDT,2025-01-16 23:00:00+09:00,0.8267,0.8284,0.8175,0.8284,236560.0,0.0,0.001608,1.819,-65.726,0.0,False
1000PEPEUSDT,2025-01-16 23:00:00+09:00,0.018394,0.018454,0.018262,0.018441,448594400.0,0.0,0.000192,-0.818,-56.513,0.0,False
1000RATSUSDT,2025-01-16 23:00:00+09:00,0.05293,0.05308,0.05242,0.05299,3778740.0,0.0,0.000419,0.151,-60.065,0.0,False
1000TOSHIUSDT,2025-01-16 23:00:00+09:00,0.2886,0.2913,0.2858,0.2875,582519.0,0.0,0.0001,-1.977,-77.064,0.0,False
1000TURBOUSDT,2025-01-16 23:00:00+09:00,8.2281,8.24,8.1483,8.2344,13311.0,0.0,0.000471,-0.199,-67.537,0.0,False
1000XECUSDT,2025-01-16 23:00:00+09:00,0.03763,0.03776,0.03749,0.03776,1219480.0,0.0,0.0001,0.532,6.408,0.0,False
1000XUSDT,2025-01-16 23:00:00+09:00,0.15213,0.15297,0.15087,0.15297,522210.0,0.0,0.000952,1.11,-84.655,0.0,False
1CATUSDT,2025-01-16 23:00:00+09:00,0.001231,0.001236,0.001229,0.001236,1665740.0,0.0,0.001818,-0.323,-84.508,0.0,False
1INCHUSDT,2025-01-16 23:00:00+09:00,0.3842,0.385,0.382,0.3846,160879.1,0.0,0.0001,-0.156,-82.53,0.0,False
A8USDT,2025-01-16 23:00:00+09:00,0.33429,0.33467,0.33279,0.334,147069.0,0.0,0.0001,-2.222,-64.391,0.0,False
AAVEUSDT,2025-01-16 23:00:00+09:00,315.14,315.85,313.05,315.77,4388.16,0.0,0.000169,0.866,-78.874,0.0,False
ACEUSDT,2025-01-16 23:00:00+09:00,1.879,1.884,1.867,1.884,4103.6,0.0,0.00031,0.213,-72.094,0.0,False
ACHUSDT,2025-01-16 23:00:00+09:00,0.023418,0.023468,0.023271,0.023468,673730.0,0.0,0.0001,0.437,-77.732,0.0,False
ACTUSDT,2025-01-16 23:00:00+09:00,0.2551,0.2556,0.2527,0.255,321334.0,0.0,0.00157,-1.009,-78.674,0.0,False
ACXUSDT,2025-01-16 23:00:00+09:00,0.4373,0.4385,0.4343,0.4384,47310.0,0.0,0.0001,0.183,-50.24,0.0,False
ADAUSDT,2025-01-16 23:00:00+09:00,1.0887,1.0976,1.0853,1.0962,5010456.0,0.0,0.000146,2.794,-87.605,0.0,False
AERGOUSDT,2025-01-16 23:00:00+09:00,0.1269,0.1272,0.1263,0.1272,201539.0,0.0,0.0001,-0.313,-79.301,0.0,False
AEROUSDT,2025-01-16 23:00:00+09:00,1.2888,1.2942,1.2787,1.2854,198476.0,0.0,0.001649,1.757,-65.829,0.0,False
AEVOUSDT,2025-01-16 23:00:00+09:00,0.3349,0.3358,0.3331,0.3357,91386.5,0.0,0.000375,0.119,-72.91,0.0,False
AGIUSDT,2025-01-16 23:00:00+09:00,0.13901,0.13949,0.13839,0.13936,286010.0,0.0,0.000473,0.237,-84.639,0.0,False
AGLDUSDT,2025-01-16 23:00:00+09:00,1.9851,1.9855,1.9572,1.972,299623.5,0.0,0.0001,-2.637,-74.361,0.0,False
AI16ZUSDT,2025-01-16 23:00:00+09:00,1.433,1.4338,1.4072,1.4281,1043422.0,0.0,5e-05,-4.449,-81.412,0.0,False
AIOZUSDT,2025-01-16 23:00:00+09:00,0.9951,1.0002,0.9919,0.9987,34918.0,0.0,0.0001,-1.031,-78.146,0.0,False
AIUSDT,2025-01-16 23:00:00+09:00,0.6725,0.6754,0.6689,0.6745,148343.7,0.0,0.0001,-0.78,-65.004,0.0,False
AIXBTUSDT,2025-01-16 23:00:00+09:00,0.7835,0.7948,0.7809,0.7939,4339590.0,0.0,0.0001,-15.632,-85.168,0.0,False
AKTUSDT,2025-01-16 23:00:00+09:00,3.101,3.109,3.084,3.108,24333.3,0.0,0.000991,-0.512,-45.308,0.0,False
ALCHUSDT,2025-01-16 23:00:00+09:00,0.16156,0.16372,0.15958,0.16303,6109522.0,0.0,0.0001,-6.691,-85.941,0.0,False
ALEOUSDT,2025-01-16 23:00:00+09:00,0.576,0.579,0.5757,0.5788,81621.0,0.0,0.000686,-0.856,-67.551,0.0,False
ALGOUSDT,2025-01-16 23:00:00+09:00,0.4785,0.4813,0.4759,0.4806,2895429.4,0.0,0.0001,3.645,-82.931,0.0,False
ALICEUSDT,2025-01-16 23:00:00+09:00,1.151,1.155,1.146,1.153,14352.3,0.0,0.000411,-0.173,-65.253,0.0,False
ALPACAUSDT,2025-01-16 23:00:00+09:00,0.16327,0.16358,0.16246,0.16358,11774.0,0.0,0.000773,-0.505,-84.901,0.0,False
ALPHAUSDT,2025-01-16 23:00:00+09:00,0.0773,0.07762,0.07686,0.07745,263539.0,0.0,5e-05,0.129,-74.633,0.0,False
ALTUSDT,2025-01-16 23:00:00+09:00,0.10038,0.10056,0.09956,0.1005,641980.0,0.0,0.0001,0.48,-45.363,0.0,False
ALUUSDT,2025-01-16 23:00:00+09:00,0.14219,0.14219,0.13872,0.14033,741834.0,0.0,5e-05,-4.771,-54.939,0.0,False
AMBUSDT,2025-01-16 23:00:00+09:00,0.007021,0.007048,0.007,0.007046,436880.0,0.0,0.0001,0.199,-74.744,0.0,False
ANKRUSDT,2025-01-16 23:00:00+09:00,0.03693,0.03706,0.03675,0.03706,1170497.0,0.0,0.0001,1.064,-80.721,0.0,False
APEUSDT,2025-01-16 23:00:00+09:00,1.12,1.1238,1.1131,1.1238,158538.4,0.0,0.000226,0.889,-80.731,0.0,False
API3USDT,2025-01-16 23:00:00+09:00,1.505,1.507,1.497,1.507,13167.7,0.0,0.000378,0.534,-71.643,0.0,False
APTUSDT,2025-01-16 23:00:00+09:00,9.3,9.3375,9.253,9.3375,113099.89,0.0,0.000115,0.139,-58.648,0.0,False
ARBUSDT,2025-01-16 23:00:00+09:00,0.7687,0.7713,0.7643,0.7707,1424206.7,0.0,0.000117,0.706,-71.786,0.0,False
ARCUSDT,2025-01-16 23:00:00+09:00,0.4494,0.45068,0.44183,0.45008,1240018.0,0.0,5e-05,-8.996,-91.016,0.0,False
ARKMUSDT,2025-01-16 23:00:00+09:00,1.4078,1.4123,1.3988,1.4113,45001.0,0.0,0.0001,0.563,-86.286,0.0,False
ARKUSDT,2025-01-16 23:00:00+09:00,0.6027,0.6062,0.6006,0.6059,141529.0,0.0,0.0001,-1.239,-35.358,0.0,False
ARPAUSDT,2025-01-16 23:00:00+09:00,0.04731,0.04744,0.04714,0.04744,81910.0,0.0,0.0001,-0.252,-78.656,0.0,False
ARUSDT,2025-01-16 23:00:00+09:00,17.005,17.113,16.893,17.111,37996.8,0.0,0.0001,3.458,51.864,0.0,False
ASTRUSDT,2025-01-16 23:00:00+09:00,0.06133,0.06174,0.06118,0.061735,1876074.0,0.0,0.0001,0.325,4.119,0.0,False
ATAUSDT,2025-01-16 23:00:00+09:00,0.13652,0.13765,0.13586,0.13764,494490.0,0.0,0.0001,-1.531,-76.833,0.0,False
ATHUSDT,2025-01-16 23:00:00+09:00,0.06507,0.06515,0.06464,0.06504,859610.0,0.0,0.0001,-0.199,-63.684,0.0,False
ATOMUSDT,2025-01-16 23:00:00+09:00,6.61,6.64,6.583,6.639,71182.3,0.0,0.0001,0.484,-71.235,0.0,False
AUCTIONUSDT,2025-01-16 23:00:00+09:00,15.331,15.355,15.246,15.329,2112.4,0.0,5e-05,-0.065,-67.203,0.0,False
AUDIOUSDT,2025-01-16 23:00:00+09:00,0.1486,0.1492,0.1481,0.149,181526.2,0.0,0.000589,0.269,-56.066,0.0,False
AVAAIUSDT,2025-01-16 23:00:00+09:00,0.25173,0.257,0.24688,0.24956,3447756.0,0.0,0.0001,-10.645,-53.259,0.0,False
AVAILUSDT,2025-01-16 23:00:00+09:00,0.12113,0.12238,0.1205,0.12189,1377121.0,0.0,0.0001,0.033,83.492,0.0,False
AVAUSDT,2025-01-16 23:00:00+09:00,1.0968,1.1032,1.0925,1.1032,16567.9,0.0,0.0001,0.355,-79.922,0.0,False
AVAXUSDT,2025-01-16 23:00:00+09:00,39.58,39.745,39.375,39.74,84022.1,0.0,0.0001,0.633,-67.337,0.0,False
AXLUSDT,2025-01-16 23:00:00+09:00,0.6521,0.653,0.6461,0.653,108563.0,0.0,0.000447,0.462,-6.068,0.0,False
AXSUSDT,2025-01-16 23:00:00+09:00,6.456,6.478,6.429,6.469,15326.7,0.0,0.0001,0.31,-71.789,0.0,False
BADGERUSDT,2025-01-16 23:00:00+09:00,4.174,4.182,4.156,4.181,3335.3,0.0,0.0001,-0.594,-38.288,0.0,False
BAKEUSDT,2025-01-16 23:00:00+09:00,0.2441,0.2445,0.2426,0.2444,37768.9,0.0,0.000229,0.908,-73.366,0.0,False
BALUSDT,2025-01-16 23:00:00+09:00,2.551,2.557,2.534,2.557,5333.2,0.0,0.0001,-0.117,55.357,0.0,False
BANANAUSDT,2025-01-16 23:00:00+09:00,38.688,38.78,38.214,38.749,4696.09,0.0,0.000718,-0.072,-13.46,0.0,False
BANDUSDT,2025-01-16 23:00:00+09:00,1.394,1.397,1.385,1.394,11721.7,0.0,0.0001,-0.429,-76.077,0.0,False
BANUSDT,2025-01-16 23:00:00+09:00,0.06666,0.06683,0.06601,0.06682,5951774.0,0.0,0.0001,-2.566,-88.516,0.0,False
BATUSDT,2025-01-16 23:00:00+09:00,0.2563,0.2573,0.2552,0.257,311660.3,0.0,0.0001,1.261,-33.755,0.0,False
BBUSDT,2025-01-16 23:00:00+09:00,0.3453,0.3463,0.3431,0.3462,60013.0,0.0,0.0001,0.377,-86.253,0.0,False
BCHUSDT,2025-01-16 23:00:00+09:00,457.3,458.8,455.4,458.6,1857.66,0.0,0.0001,0.416,-57.426,0.0,False
BEAMUSDT,2025-01-16 23:00:00+09:00,0.023213,0.023252,0.023012,0.023252,4074500.0,0.0,0.000601,-0.266,-86.357,0.0,False
BELUSDT,2025-01-16 23:00:00+09:00,0.572,0.5731,0.5687,0.5731,18766.0,0.0,0.0001,-1.292,-95.973,0.0,False
BENDOGUSDT,2025-01-16 23:00:00+09:00,0.007782,0.007816,0.00775,0.007812,294340.0,0.0,0.000989,-1.201,-93.234,0.0,False
BICOUSDT,2025-01-16 23:00:00+09:00,0.2899,0.2906,0.2875,0.29,43636.1,0.0,0.0001,0.45,-86.067,0.0,False
BIGTIMEUSDT,2025-01-16 23:00:00+09:00,0.12144,0.12172,0.12064,0.12169,631582.0,0.0,0.00122,0.628,-44.516,0.0,False
BILLYUSDT,2025-01-16 23:00:00+09:00,0.01248,0.0127,0.01237,0.01268,1133700.0,0.0,0.0001,-0.86,-86.376,0.0,False
BIOUSDT,2025-01-16 23:00:00+09:00,0.4084,0.4088,0.405,0.4082,113714.0,0.0,0.0001,-1.781,-93.311,0.0,False
BLASTUSDT,2025-01-16 23:00:00+09:00,0.008887,0.008919,0.008855,0.008919,5609850.0,0.0,0.0001,-0.201,-70.44,0.0,False
BLUEUSDT,2025-01-16 23:00:00+09:00,0.26599,0.26708,0.2633,0.26539,189585.0,0.0,0.0001,2.594,-68.174,0.0,False
BLURUSDT,2025-01-16 23:00:00+09:00,0.2264,0.2273,0.2254,0.2273,402285.0,0.0,0.0001,0.664,-66.692,0.0,False
BNBUSDT,2025-01-16 23:00:00+09:00,709.0,709.85,706.95,709.35,841.73,0.0,0.00015,-0.575,-80.895,0.0,False
BNTUSDT,2025-01-16 23:00:00+09:00,0.67925,0.68125,0.67655,0.6789,6846.0,0.0,0.0001,0.022,-55.551,0.0,False
BNXUSDT,2025-01-16 23:00:00+09:00,0.3841,0.3847,0.3813,0.3842,45432.4,0.0,0.000482,-1.259,-90.147,0.0,False
BOBAUSDT,2025-01-16 23:00:00+09:00,0.19558,0.19562,0.1951,0.19558,45390.0,0.0,0.0001,0.328,-70.83,0.0,False
BOMEUSDT,2025-01-16 23:00:00+09:00,0.00571,0.005733,0.00567,0.005732,34747500.0,0.0,0.000405,0.297,-87.915,0.0,False
BRETTUSDT,2025-01-16 23:00:00+09:00,0.1255,0.12638,0.12453,0.12628,2440150.0,0.0,0.001154,2.725,-66.931,0.0,False
BSVUSDT,2025-01-16 23:00:00+09:00,56.66,56.85,56.36,56.85,449.0,0.0,0.000229,0.798,-77.849,0.0,False
BSWUSDT,2025-01-16 23:00:00+09:00,0.06795,0.06823,0.0677,0.06823,50115.0,0.0,0.00035,0.088,-90.272,0.0,False
BTCUSDT,2025-01-16 23:00:00+09:00,99050.0,99138.5,98812.6,99111.5,940.822,0.0,0.000391,-0.014,-72.719,0.0,False
C98USDT,2025-01-16 23:00:00+09:00,0.1527,0.1531,0.1514,0.1531,320716.5,0.0,0.0001,-0.326,-61.716,0.0,False
CAKEUSDT,2025-01-16 23:00:00+09:00,2.461,2.471,2.452,2.471,12863.2,0.0,0.0001,0.734,-87.557,0.0,False
CARVUSDT,2025-01-16 23:00:00+09:00,0.7683,0.7686,0.7639,0.7686,39890.0,0.0,-0.003542,-0.723,-59.455,0.0,False
CATIUSDT,2025-01-16 23:00:00+09:00,0.3191,0.3206,0.3173,0.3206,125657.0,0.0,0.000238,1.04,-80.19,0.0,False
CELOUSDT,2025-01-16 23:00:00+09:00,0.647,0.6487,0.6442,0.6487,39927.9,0.0,0.0001,0.62,-77.704,0.0,False
CELRUSDT,2025-01-16 23:00:00+09:00,0.01763,0.01767,0.01741,0.01759,2823005.0,0.0,0.0001,0.057,-36.472,0.0,False
CETUSUSDT,2025-01-16 23:00:00+09:00,0.31491,0.31701,0.31296,0.31681,97776.0,0.0,0.001074,1.35,-68.254,0.0,False
CFXUSDT,2025-01-16 23:00:00+09:00,0.16796,0.16986,0.16751,0.16976,420975.0,0.0,0.0001,2.044,-91.473,0.0,False
CGPTUSDT,2025-01-16 23:00:00+09:00,0.38771,0.39041,0.38294,0.38876,3929319.0,0.0,5e-05,-7.583,-61.476,0.0,False
CHESSUSDT,2025-01-16 23:00:00+09:00,0.1912,0.1915,0.1901,0.1913,14176.0,0.0,0.0001,-0.313,-79.962,0.0,False
CHILLGUYUSDT,2025-01-16 23:00:00+09:00,0.1242,0.1243,0.1224,0.1243,2894896.0,0.0,0.0001,-0.08,-65.387,0.0,False
CHRUSDT,2025-01-16 23:00:00+09:00,0.2198,0.2205,0.2184,0.2203,82273.1,0.0,0.0001,0.962,-76.614,0.0,False
CHZUSDT,2025-01-16 23:00:00+09:00,0.08602,0.08633,0.08567,0.08633,888130.0,0.0,0.0001,0.912,-71.882,0.0,False
CKBUSDT,2025-01-16 23:00:00+09:00,0.011035,0.011052,0.010951,0.011051,4368730.0,0.0,0.00023,0.619,-72.084,0.0,False
CLOUDUSDT,2025-01-16 23:00:00+09:00,0.1552,0.1561,0.1541,0.1551,260571.0,0.0,0.000147,-0.641,-83.008,0.0,False
COMBOUSDT,2025-01-16 23:00:00+09:00,0.4161,0.4172,0.4137,0.4166,7042.6,0.0,0.0001,-0.715,-89.595,0.0,False
COMPUSDT,2025-01-16 23:00:00+09:00,82.54,82.68,81.92,82.62,5880.72,0.0,0.0001,0.891,102.497,0.0,False
COOKIEUSDT,2025-01-16 23:00:00+09:00,0.5598,0.5629,0.5538,0.5629,957359.0,0.0,0.0001,-3.975,-79.515,0.0,False
COOKUSDT,2025-01-16 23:00:00+09:00,0.03122,0.03129,0.03102,0.03129,69700.0,0.0,0.0001,-0.54,-86.846,0.0,False
COREUSDT,2025-01-16 23:00:00+09:00,1.0041,1.0075,0.9999,1.0075,24090.5,0.0,0.0001,0.609,-84.088,0.0,False
COSUSDT,2025-01-16 23:00:00+09:00,0.007111,0.00713,0.007078,0.007127,745150.0,0.0,0.0001,-0.28,-71.767,0.0,False
COTIUSDT,2025-01-16 23:00:00+09:00,0.12079,0.12135,0.11973,0.12133,362493.0,0.0,0.000868,1.277,-61.66,0.0,False
COWUSDT,2025-01-16 23:00:00+09:00,0.7725,0.7734,0.7623,0.7713,514538.0,0.0,0.000344,0.221,-33.804,0.0,False
CROUSDT,2025-01-16 23:00:00+09:00,0.14372,0.14519,0.14364,0.14517,893261.0,0.0,0.000644,2.463,-64.419,0.0,False
CRVUSDT,2025-01-16 23:00:00+09:00,0.9525,0.9569,0.947,0.9545,968176.0,0.0,0.000184,0.463,-60.72,0.0,False
CTCUSDT,2025-01-16 23:00:00+09:00,1.0996,1.1016,1.0976,1.1016,46780.0,0.0,5e-05,-0.217,-82.962,0.0,False
CTKUSDT,2025-01-16 23:00:00+09:00,0.8122,0.8135,0.8038,0.8123,30320.5,0.0,-3.7e-05,1.385,-72.654,0.0,False
CTSIUSDT,2025-01-16 23:00:00+09:00,0.15056,0.15083,0.14955,0.15057,166924.0,0.0,0.0001,-0.219,25.196,0.0,False
CVCUSDT,2025-01-16 23:00:00+09:00,0.16762,0.16856,0.16713,0.16852,330876.0,0.0,0.0001,-0.172,-74.709,0.0,False
CVXUSDT,2025-01-16 23:00:00+09:00,4.61,4.622,4.575,4.614,19347.02,0.0,0.000157,-0.646,-49.052,0.0,False
CYBERUSDT,2025-01-16 23:00:00+09:00,3.152,3.157,3.124,3.153,40908.0,0.0,0.0001,0.127,85.982,0.0,False
DASHUSDT,2025-01-16 23:00:00+09:00,39.71,39.91,39.55,39.9,694.16,0.0,0.0001,0.529,-57.17,0.0,False
DATAUSDT,2025-01-16 23:00:00+09:00,0.04395,0.04401,0.04366,0.04393,236940.0,0.0,0.0001,0.228,-20.817,0.0,False
DBRUSDT,2025-01-16 23:00:00+09:00,0.02912,0.02921,0.02905,0.02919,287590.0,0.0,0.000759,-0.137,-79.98,0.0,False
DEEPUSDT,2025-01-16 23:00:00+09:00,0.17485,0.17715,0.17331,0.17685,2206200.0,0.0,0.000404,2.814,-35.075,0.0,False
DEGENUSDT,2025-01-16 23:00:00+09:00,0.009803,0.009844,0.009725,0.009838,13047210.0,0.0,0.000456,0.326,-77.374,0.0,False
DENTUSDT,2025-01-16 23:00:00+09:00,0.0013254,0.0013329,0.0013209,0.0013329,22716300.0,0.0,0.0001,0.939,30.53,0.0,False
DEXEUSDT,2025-01-16 23:00:00+09:00,16.815,16.816,16.7,16.808,2910.3,0.0,0.0001,-1.135,-82.723,0.0,False
DGBUSDT,2025-01-16 23:00:00+09:00,0.012701,0.012744,0.012636,0.01265,2033570.0,0.0,0.0001,-1.334,-67.602,0.0,False
DODOUSDT,2025-01-16 23:00:00+09:00,0.1428,0.14292,0.14177,0.14265,105639.0,0.0,0.0001,-0.433,16.042,0.0,False
DOGEUSDT,2025-01-16 23:00:00+09:00,0.37822,0.37984,0.37614,0.37945,42256319.0,0.0,0.00023,0.498,-64.316,0.0,False
DOGSUSDT,2025-01-16 23:00:00+09:00,0.000455,0.000456,0.0004518,0.0004557,390404800.0,0.0,0.00054,0.286,-45.106,0.0,False
DOGUSDT,2025-01-16 23:00:00+09:00,0.005465,0.005482,0.005427,0.00547,13182100.0,0.0,0.000153,-0.128,-78.874,0.0,False
DOP1USDT,2025-01-16 23:00:00+09:00,0.001183,0.001184,0.00117,0.00118,7399430.0,0.0,0.0001,-0.085,-56.231,0.0,False
DOTUSDT,2025-01-16 23:00:00+09:00,7.169,7.2,7.141,7.194,156387.4,0.0,0.0001,1.653,-76.108,0.0,False
DRIFTUSDT,2025-01-16 23:00:00+09:00,1.1428,1.1463,1.1393,1.1447,379419.0,0.0,5e-05,-1.131,-41.068,0.0,False
DUCKUSDT,2025-01-16 23:00:00+09:00,0.010922,0.011175,0.01059,0.01094,86125860.0,0.0,5e-05,-5.224,-87.853,0.0,False
DUSKUSDT,2025-01-16 23:00:00+09:00,0.21404,0.2147,0.21248,0.21433,40260.0,0.0,0.0001,-0.284,-70.061,0.0,False
DYDXUSDT,2025-01-16 23:00:00+09:00,1.342,1.346,1.332,1.345,255373.4,0.0,0.000107,0.9,-46.999,0.0,False
DYMUSDT,2025-01-16 23:00:00+09:00,1.248,1.251,1.242,1.25,20715.7,0.0,0.0001,0.563,-86.487,0.0,False
EDUUSDT,2025-01-16 23:00:00+09:00,0.5449,0.5464,0.5423,0.5462,34159.2,0.0,0.0001,0.887,-35.048,0.0,False
EGLDUSDT,2025-01-16 23:00:00+09:00,36.07,36.23,35.91,36.15,6650.44,0.0,0.0001,-0.221,-85.972,0.0,False
EIGENUSDT,2025-01-16 23:00:00+09:00,3.2978,3.3082,3.2751,3.307,37401.0,0.0,0.000345,-0.265,-83.995,0.0,False
ENAUSDT,2025-01-16 23:00:00+09:00,0.9301,0.9354,0.9178,0.9346,2777169.0,0.0,0.0001,3.157,-72.329,0.0,False
ENJUSDT,2025-01-16 23:00:00+09:00,0.2083,0.209,0.2071,0.2089,202496.4,0.0,0.0001,-0.143,-45.791,0.0,False
ENSUSDT,2025-01-16 23:00:00+09:00,33.574,33.668,33.391,33.656,12047.2,0.0,0.0001,-0.225,-54.218,0.0,False
EOSUSDT,2025-01-16 23:00:00+09:00,0.8759,0.882,0.8742,0.882,238816.6,0.0,0.000432,1.883,-85.23,0.0,False
ETCUSDT,2025-01-16 23:00:00+09:00,26.786,26.885,26.683,26.881,10814.1,0.0,0.0001,0.802,-75.765,0.0,False
ETHBTCUSDT,2025-01-16 23:00:00+09:00,0.033655,0.033678,0.033635,0.033678,76790.0,0.0,0.0,-0.564,-93.946,0.0,False
ETHFIUSDT,2025-01-16 23:00:00+09:00,2.0185,2.0236,2.0019,2.0222,67374.1,0.0,0.00025,0.662,-38.794,0.0,False
ETHUSDT,2025-01-16 23:00:00+09:00,3327.25,3332.95,3313.25,3332.11,12059.56,0.0,0.000411,-0.529,-74.955,0.0,False
ETHWUSDT,2025-01-16 23:00:00+09:00,3.148,3.154,3.13,3.148,3531.37,0.0,0.0001,0.032,-49.783,0.0,False
FARTCOINUSDT,2025-01-16 23:00:00+09:00,1.2318,1.2535,1.2206,1.2506,1802998.0,0.0,0.0001,0.2,-82.647,0.0,False
FBUSDT,2025-01-16 23:00:00+09:00,2.041,2.044,2.016,2.043,7639.6,0.0,0.001162,-2.575,-67.531,0.0,False
FDUSDUSDT,2025-01-16 23:00:00+09:00,0.9987,0.999,0.9987,0.9989,1016.0,0.0,0.0001,-0.01,-70.838,0.0,False
FIDAUSDT,2025-01-16 23:00:00+09:00,0.2277,0.2288,0.2265,0.2288,94032.0,0.0,0.00051,-0.392,-86.095,0.0,False
FILUSDT,2025-01-16 23:00:00+09:00,5.555,5.578,5.538,5.575,46214.5,0.0,0.000388,1.585,-78.145,0.0,False
FIOUSDT,2025-01-16 23:00:00+09:00,0.03764,0.03773,0.03744,0.03767,44220.0,0.0,0.0001,0.053,-82.315,0.0,False
FIREUSDT,2025-01-16 23:00:00+09:00,0.3015,0.3036,0.3,0.3018,39468.3,0.0,0.0001,-3.855,-88.533,0.0,False
FLMUSDT,2025-01-16 23:00:00+09:00,0.06971,0.06994,0.06939,0.06994,311617.0,0.0,0.000802,0.287,-67.978,0.0,False
FLOCKUSDT,2025-01-16 23:00:00+09:00,0.1951,0.1953,0.1918,0.1953,1013618.0,0.0,5e-05,-3.651,-67.475,0.0,False
FLOWUSDT,2025-01-16 23:00:00+09:00,0.7729,0.7749,0.769,0.7749,66018.3,0.0,0.0001,1.202,-86.513,0.0,False
FLRUSDT,2025-01-16 23:00:00+09:00,0.02628,0.02638,0.02611,0.02621,1005670.0,0.0,0.0001,-0.531,-86.88,0.0,False
FLUXUSDT,2025-01-16 23:00:00+09:00,0.5766,0.5779,0.573,0.5761,8298.0,0.0,0.000208,-0.191,-88.746,0.0,False
FORTHUSDT,2025-01-16 23:00:00+09:00,5.3564,5.3637,5.3239,5.3617,1122.9,0.0,0.0001,-0.058,-82.198,0.0,False
FOXYUSDT,2025-01-16 23:00:00+09:00,0.009975,0.010032,0.009909,0.010032,1542140.0,0.0,0.000445,-1.046,-85.725,0.0,False
FTNUSDT,2025-01-16 23:00:00+09:00,3.8316,3.8338,3.8315,3.8315,374.1,0.0,0.000185,-0.138,-81.361,0.0,False
FUELUSDT,2025-01-16 23:00:00+09:00,0.04934,0.04997,0.04878,0.04981,2516600.0,0.0,5e-05,0.708,-87.364,0.0,False
FUSDT,2025-01-16 23:00:00+09:00,0.03821,0.03835,0.03812,0.03834,219045.0,0.0,0.0001,-0.234,-87.216,0.0,False
FWOGUSDT,2025-01-16 23:00:00+09:00,0.20518,0.20541,0.20077,0.20425,1237055.0,0.0,0.0001,4.577,-53.306,0.0,False
FXSUSDT,2025-01-16 23:00:00+09:00,3.3625,3.374,3.339,3.367,9225.78,0.0,0.0001,0.298,-77.358,0.0,False
GALAUSDT,2025-01-16 23:00:00+09:00,0.03949,0.03966,0.03927,0.03957,23053688.0,0.0,0.0001,1.254,-80.9,0.0,False
GASUSDT,2025-01-16 23:00:00+09:00,5.316,5.324,5.288,5.323,14337.7,0.0,0.000223,0.094,-78.481,0.0,False
GEMSUSDT,2025-01-16 23:00:00+09:00,0.10018,0.10018,0.0991,0.10003,76704.0,0.0,0.0001,0.09,-66.154,0.0,False
GIGAUSDT,2025-01-16 23:00:00+09:00,0.06093,0.06099,0.05968,0.06064,2295740.0,0.0,0.0001,-4.399,-59.942,0.0,False
GLMRUSDT,2025-01-16 23:00:00+09:00,0.221,0.22205,0.2205,0.22205,77931.9,0.0,0.0001,0.113,-75.198,0.0,False
GLMUSDT,2025-01-16 23:00:00+09:00,0.39544,0.39613,0.39337,0.39558,90470.0,0.0,5e-05,0.109,-81.17,0.0,False
GMEUSDT,2025-01-16 23:00:00+09:00,0.003321,0.003358,0.003313,0.003358,2448740.0,0.0,0.0001,-0.71,-83.209,0.0,False
GMTUSDT,2025-01-16 23:00:00+09:00,0.1338,0.134,0.133,0.134,2144502.0,0.0,0.000168,0.828,-85.032,0.0,False
GMXUSDT,2025-01-16 23:00:00+09:00,24.27,24.335,24.13,24.33,837.3,0.0,0.0001,0.413,-84.852,0.0,False
GNOUSDT,2025-01-16 23:00:00+09:00,248.79,249.17,248.11,248.88,12.686,0.0,0.0001,-0.176,-24.398,0.0,False
GOATUSDT,2025-01-16 23:00:00+09:00,0.3594,0.3618,0.3572,0.3613,1457581.0,0.0,0.000944,-2.824,-80.209,0.0,False
GODSUSDT,2025-01-16 23:00:00+09:00,0.1844,0.1847,0.1838,0.1847,27370.0,0.0,0.0001,-0.108,-78.783,0.0,False
GOMININGUSDT,2025-01-16 23:00:00+09:00,0.51126,0.51236,0.50911,0.5109,58425.0,0.0,0.0001,-0.19,-88.343,0.0,False
GRASSUSDT,2025-01-16 23:00:00+09:00,2.6362,2.6548,2.6174,2.6518,118092.0,0.0,0.000754,-1.927,-74.235,0.0,False
GRIFFAINUSDT,2025-01-16 23:00:00+09:00,0.55041,0.5606,0.54268,0.55903,2276058.0,0.0,0.0001,-1.414,-54.673,0.0,False
GRTUSDT,2025-01-16 23:00:00+09:00,0.21441,0.21532,0.21305,0.21523,912200.0,0.0,0.0001,1.151,-62.335,0.0,False
GTCUSDT,2025-01-16 23:00:00+09:00,0.6831,0.6841,0.6785,0.6828,15963.8,0.0,0.0001,-1.201,-70.19,0.0,False
GUSDT,2025-01-16 23:00:00+09:00,0.03025,0.03033,0.03007,0.03032,1548730.0,0.0,0.000186,0.066,-1.508,0.0,False
HBARUSDT,2025-01-16 23:00:00+09:00,0.3714,0.375,0.367,0.36978,37167993.0,0.0,0.0001,6.442,-63.386,0.0,False
HFTUSDT,2025-01-16 23:00:00+09:00,0.195,0.1956,0.194,0.1952,66481.0,0.0,0.0001,-0.102,-71.717,0.0,False
HIFIUSDT,2025-01-16 23:00:00+09:00,0.6144,0.6161,0.6116,0.6161,33399.0,0.0,0.000299,-1.408,-79.613,0.0,False
HIGHUSDT,2025-01-16 23:00:00+09:00,1.4146,1.4178,1.4057,1.4156,8894.5,0.0,0.0001,-0.31,-67.019,0.0,False
HIPPOUSDT,2025-01-16 23:00:00+09:00,0.00825,0.00831,0.0082,0.0083,6960860.0,0.0,0.0001,0.242,-70.769,0.0,False
HIVEUSDT,2025-01-16 23:00:00+09:00,0.4884,0.4893,0.486,0.4891,337701.0,0.0,1.2e-05,-0.65,-83.677,0.0,False
HMSTRUSDT,2025-01-16 23:00:00+09:00,0.003193,0.003201,0.003181,0.0032,33707190.0,0.0,0.000176,-0.312,-83.011,0.0,False
HNTUSDT,2025-01-16 23:00:00+09:00,4.801,4.903,4.774,4.861,40013.92,0.0,0.0001,-0.082,-25.484,0.0,False
HOOKUSDT,2025-01-16 23:00:00+09:00,0.3736,0.3742,0.3713,0.3739,43375.8,0.0,0.0001,-0.532,-71.66,0.0,False
HOTUSDT,2025-01-16 23:00:00+09:00,0.002354,0.002357,0.002334,0.002355,4930800.0,0.0,0.0001,0.641,-60.087,0.0,False
HPOS10IUSDT,2025-01-16 23:00:00+09:00,0.1923,0.1934,0.1913,0.1934,55933.0,0.0,0.002953,-0.617,-83.394,0.0,False
HYPEUSDT,2025-01-16 23:00:00+09:00,23.481,23.653,23.355,23.639,100639.43,0.0,0.0001,-1.278,-50.947,0.0,False
ICPUSDT,2025-01-16 23:00:00+09:00,10.957,10.991,10.889,10.975,37721.2,0.0,0.000175,2.58,-63.634,0.0,False
ICXUSDT,2025-01-16 23:00:00+09:00,0.1923,0.1929,0.1914,0.1929,137238.0,0.0,0.0001,0.208,-68.561,0.0,False
IDEXUSDT,2025-01-16 23:00:00+09:00,0.05944,0.05964,0.05919,0.05959,202760.0,0.0,0.0001,0.134,-88.384,0.0,False
IDUSDT,2025-01-16 23:00:00+09:00,0.4402,0.4415,0.4387,0.4415,47948.0,0.0,0.0001,0.318,-89.523,0.0,False
ILVUSDT,2025-01-16 23:00:00+09:00,38.18,38.27,37.88,38.27,1286.58,0.0,0.000604,-0.235,-55.962,0.0,False
IMXUSDT,2025-01-16 23:00:00+09:00,1.337,1.3399,1.3289,1.3392,68797.3,0.0,0.000143,1.163,-76.096,0.0,False
INJUSDT,2025-01-16 23:00:00+09:00,22.832,22.928,22.719,22.915,25571.4,0.0,0.0001,0.118,-79.297,0.0,False
IOSTUSDT,2025-01-16 23:00:00+09:00,0.007243,0.007254,0.007189,0.007246,15523094.0,0.0,0.0001,-0.644,-76.428,0.0,False
IOTAUSDT,2025-01-16 23:00:00+09:00,0.3984,0.406,0.3984,0.4052,2366545.0,0.0,0.0001,3.026,-55.381,0.0,False
IOTXUSDT,2025-01-16 23:00:00+09:00,0.03783,0.03794,0.03764,0.03794,285820.0,0.0,0.0001,2.072,-56.0,0.0,False
IOUSDT,2025-01-16 23:00:00+09:00,3.393,3.4,3.359,3.383,142498.0,0.0,0.000568,2.577,-43.912,0.0,False
JASMYUSDT,2025-01-16 23:00:00+09:00,0.03196,0.032112,0.031763,0.031979,10836309.0,0.0,0.000196,1.033,-72.477,0.0,False
JOEUSDT,2025-01-16 23:00:00+09:00,0.384,0.3854,0.3816,0.385,93593.0,0.0,0.0001,0.339,-19.534,0.0,False
JSTUSDT,2025-01-16 23:00:00+09:00,0.03981,0.04,0.03971,0.04,384010.0,0.0,0.0001,0.427,-83.845,0.0,False
JTOUSDT,2025-01-16 23:00:00+09:00,2.762,2.785,2.738,2.785,46955.9,0.0,0.000392,1.754,-93.271,0.0,False
JUPUSDT,2025-01-16 23:00:00+09:00,0.8001,0.8033,0.7951,0.8032,714110.0,0.0,0.0001,-1.893,-87.69,0.0,False
KAIAUSDT,2025-01-16 23:00:00+09:00,0.2273,0.2279,0.2264,0.2279,518084.0,0.0,0.001247,-0.175,-85.881,0.0,False
KASUSDT,2025-01-16 23:00:00+09:00,0.15153,0.15165,0.15043,0.15116,2726170.0,0.0,0.001482,0.0,-88.444,0.0,False
KAVAUSDT,2025-01-16 23:00:00+09:00,0.4953,0.4973,0.493,0.497,69987.7,0.0,0.0001,1.201,-79.493,0.0,False
KDAUSDT,2025-01-16 23:00:00+09:00,0.8864,0.893,0.8794,0.8924,40650.0,0.0,0.0001,2.047,-78.51,0.0,False
KEYUSDT,2025-01-16 23:00:00+09:00,0.001023,0.001023,0.001016,0.001016,6342400.0,0.0,0.0001,0.744,-53.929,0.0,False
KMNOUSDT,2025-01-16 23:00:00+09:00,0.12417,0.12564,0.12339,0.12538,830910.0,0.0,0.000811,-0.405,-86.187,0.0,False
KNCUSDT,2025-01-16 23:00:00+09:00,0.6021,0.6034,0.5984,0.6033,79303.7,0.0,0.0001,0.166,-75.226,0.0,False
KOMAUSDT,2025-01-16 23:00:00+09:00,0.08583,0.08637,0.08547,0.08633,142911.0,0.0,0.0001,-1.652,-88.008,0.0,False
KSMUSDT,2025-01-16 23:00:00+09:00,32.45,32.58,32.32,32.56,1774.58,0.0,0.0001,0.899,-68.428,0.0,False
L3USDT,2025-01-16 23:00:00+09:00,0.10292,0.10361,0.10242,0.10361,197590.0,0.0,0.0001,1.988,-90.927,0.0,False
LAIUSDT,2025-01-16 23:00:00+09:00,0.01149,0.01149,0.01139,0.01146,432550.0,0.0,0.000436,0.175,-88.35,0.0,False
LDOUSDT,2025-01-16 23:00:00+09:00,2.015,2.018,2.002,2.0095,166281.6,0.0,0.000282,-3.273,-88.675,0.0,False
LEVERUSDT,2025-01-16 23:00:00+09:00,0.001785,0.001793,0.001778,0.001793,6611200.0,0.0,0.0001,0.112,-77.288,0.0,False
LINAUSDT,2025-01-16 23:00:00+09:00,0.004576,0.0046,0.004556,0.004598,3049620.0,0.0,0.000475,-0.755,-84.873,0.0,False
LINKUSDT,2025-01-16 23:00:00+09:00,23.138,23.284,22.957,23.116,225266.7,0.0,0.000138,2.88,-79.547,0.0,False
LISTAUSDT,2025-01-16 23:00:00+09:00,0.3548,0.3554,0.3525,0.3551,27153.0,0.0,0.000305,-1.224,-67.239,0.0,False
LITUSDT,2025-01-16 23:00:00+09:00,0.8576,0.8601,0.8536,0.8583,27449.8,0.0,0.0001,-0.464,-72.64,0.0,False
LOOKSUSDT,2025-01-16 23:00:00+09:00,0.0491,0.04952,0.04892,0.04951,258582.9,0.0,0.0001,0.979,-78.653,0.0,False
LPTUSDT,2025-01-16 23:00:00+09:00,14.726,14.77,14.623,14.744,4309.0,0.0,0.0001,-0.176,-57.566,0.0,False
LQTYUSDT,2025-01-16 23:00:00+09:00,2.086,2.1076,2.0858,2.1063,55297.1,0.0,0.00011,-2.301,-70.49,0.0,False
LRCUSDT,2025-01-16 23:00:00+09:00,0.1923,0.1927,0.1913,0.1925,84516.9,0.0,0.0001,0.156,-69.159,0.0,False
LSKUSDT,2025-01-16 23:00:00+09:00,1.001,1.0032,0.9965,1.0027,25059.1,0.0,0.000517,-0.447,-83.797,0.0,False
LTCUSDT,2025-01-16 23:00:00+09:00,119.89,120.29,119.08,119.72,21827.6,0.0,0.0001,0.791,-81.283,0.0,False
LTOUSDT,2025-01-16 23:00:00+09:00,0.1297,0.1298,0.129,0.1297,14434.0,0.0,0.0001,-0.231,-62.145,0.0,False
LUCEUSDT,2025-01-16 23:00:00+09:00,0.02907,0.02922,0.02885,0.0292,1404263.0,0.0,0.0001,-2.046,-88.471,0.0,False
LUMIAUSDT,2025-01-16 23:00:00+09:00,1.151,1.155,1.144,1.154,21457.4,0.0,0.000501,-0.173,-72.309,0.0,False
LUNA2USDT,2025-01-16 23:00:00+09:00,0.4198,0.4205,0.4176,0.4202,169936.6,0.0,0.000198,0.119,-70.992,0.0,False
MAGICUSDT,2025-01-16 23:00:00+09:00,0.4676,0.47,0.4657,0.4699,48399.0,0.0,0.0001,0.235,-83.691,0.0,False
MAJORUSDT,2025-01-16 23:00:00+09:00,0.4483,0.4511,0.4469,0.4501,58599.9,0.0,0.0001,-0.464,-91.771,0.0,False
MANAUSDT,2025-01-16 23:00:00+09:00,0.524,0.5265,0.5217,0.5261,183356.9,0.0,0.0001,1.29,-60.547,0.0,False
MANEKIUSDT,2025-01-16 23:00:00+09:00,0.004354,0.004384,0.00434,0.004384,1661800.0,0.0,0.000644,0.023,-95.132,0.0,False
MANTAUSDT,2025-01-16 23:00:00+09:00,0.7726,0.7745,0.7666,0.7725,54169.4,0.0,0.000155,0.299,-63.418,0.0,False
MASAUSDT,2025-01-16 23:00:00+09:00,0.15502,0.15539,0.1541,0.15509,78900.0,0.0,0.0001,-2.947,-92.274,0.0,False
MASKUSDT,2025-01-16 23:00:00+09:00,2.793,2.806,2.781,2.805,9446.5,0.0,0.000153,0.43,-86.689,0.0,False
MAVIAUSDT,2025-01-16 23:00:00+09:00,0.7482,0.7497,0.7443,0.749,36304.8,0.0,0.00068,1.518,-82.099,0.0,False
MAVUSDT,2025-01-16 23:00:00+09:00,0.1831,0.1834,0.1822,0.1833,37534.0,0.0,0.0001,-0.65,-74.472,0.0,False
MAXUSDT,2025-01-16 23:00:00+09:00,0.15712,0.15739,0.15615,0.15722,49084.0,0.0,0.00026,0.057,-83.789,0.0,False
MBLUSDT,2025-01-16 23:00:00+09:00,0.003555,0.003564,0.00353,0.003564,5172300.0,0.0,0.0001,-0.917,-72.744,0.0,False
MBOXUSDT,2025-01-16 23:00:00+09:00,0.1843,0.1846,0.1833,0.1846,54378.0,0.0,0.000428,0.163,-87.569,0.0,False
MDTUSDT,2025-01-16 23:00:00+09:00,0.05173,0.05185,0.05156,0.05185,121490.0,0.0,0.0001,0.0,-74.51,0.0,False
MEMEFIUSDT,2025-01-16 23:00:00+09:00,0.003868,0.003897,0.003848,0.003896,14184600.0,0.0,0.0001,-0.282,-76.802,0.0,False
MEMEUSDT,2025-01-16 23:00:00+09:00,0.009411,0.009458,0.009345,0.00945,30812370.0,0.0,0.000279,0.725,-10.004,0.0,False
MERLUSDT,2025-01-16 23:00:00+09:00,0.2238,0.2243,0.2228,0.2243,104856.0,0.0,0.0001,0.854,-83.474,0.0,False
METISUSDT,2025-01-16 23:00:00+09:00,37.44,37.53,37.21,37.48,212.09,0.0,0.000754,-0.266,-76.461,0.0,False
MEUSDT,2025-01-16 23:00:00+09:00,2.6164,2.6213,2.6028,2.6191,72087.0,0.0,0.0001,-1.159,-60.084,0.0,False
MEWUSDT,2025-01-16 23:00:00+09:00,0.006015,0.006038,0.005982,0.006037,20115400.0,0.0,0.000598,-0.511,-81.745,0.0,False
MINAUSDT,2025-01-16 23:00:00+09:00,0.5879,0.5888,0.5845,0.5887,45454.9,0.0,5e-05,1.012,-78.732,0.0,False
MKRUSDT,2025-01-16 23:00:00+09:00,1412.2,1416.9,1408.0,1416.0,39.032,0.0,0.0001,0.042,-74.218,0.0,False
MNTUSDT,2025-01-16 23:00:00+09:00,1.1262,1.1279,1.1191,1.1279,137856.0,0.0,0.0001,-0.009,-82.217,0.0,False
MOBILEUSDT,2025-01-16 23:00:00+09:00,0.0008267,0.000831,0.0008223,0.0008303,11497300.0,0.0,0.0001,-2.638,-89.409,0.0,False
MOCAUSDT,2025-01-16 23:00:00+09:00,0.21306,0.2145,0.21224,0.21412,1246031.0,0.0,0.0001,-0.469,-61.827,0.0,False
MONUSDT,2025-01-16 23:00:00+09:00,0.09901,0.09901,0.09797,0.09862,17236.0,0.0,0.000573,-0.765,-87.608,0.0,False
MOODENGUSDT,2025-01-16 23:00:00+09:00,0.18847,0.18955,0.18682,0.18949,1555924.0,0.0,0.000924,-1.374,-78.421,0.0,False
MORPHOUSDT,2025-01-16 23:00:00+09:00,3.0514,3.0878,3.0048,3.0797,545401.0,0.0,0.0001,7.127,76.095,0.0,False
MOTHERUSDT,2025-01-16 23:00:00+09:00,0.029325,0.029341,0.029099,0.029338,651240.0,0.0,0.000691,-4.156,-96.552,0.0,False
MOVEUSDT,2025-01-16 23:00:00+09:00,0.7813,0.7826,0.778,0.7826,243990.0,0.0,0.0001,-0.433,-78.468,0.0,False
MOVRUSDT,2025-01-16 23:00:00+09:00,11.854,11.87,11.754,11.831,1814.9,0.0,5e-05,-0.051,-12.188,0.0,False
MTLUSDT,2025-01-16 23:00:00+09:00,1.2972,1.302,1.292,1.302,51750.8,0.0,0.0001,0.355,-72.617,0.0,False
MVLUSDT,2025-01-16 23:00:00+09:00,0.004766,0.004778,0.004743,0.004774,2478300.0,0.0,0.0001,-1.036,-89.847,0.0,False
MYRIAUSDT,2025-01-16 23:00:00+09:00,0.002017,0.002019,0.001991,0.002016,9036600.0,0.0,0.0001,0.699,-80.076,0.0,False
MYROUSDT,2025-01-16 23:00:00+09:00,0.05852,0.05867,0.058,0.05862,1915511.0,0.0,0.000111,0.601,-79.022,0.0,False
NEARUSDT,2025-01-16 23:00:00+09:00,5.276,5.308,5.253,5.304,159100.6,0.0,0.0001,1.668,-77.819,0.0,False
NEIROETHUSDT,2025-01-16 23:00:00+09:00,0.04015,0.04027,0.03982,0.04027,2971987.0,0.0,0.000768,0.0,-69.9,0.0,False
NEOUSDT,2025-01-16 23:00:00+09:00,16.518,16.609,16.421,16.561,13345.33,0.0,0.000244,0.945,-52.596,0.0,False
NFPUSDT,2025-01-16 23:00:00+09:00,0.2592,0.2597,0.2574,0.2597,79575.1,0.0,0.0002,0.154,-56.898,0.0,False
NKNUSDT,2025-01-16 23:00:00+09:00,0.09063,0.09081,0.09028,0.09081,50961.0,0.0,0.0001,0.221,-80.641,0.0,False
NMRUSDT,2025-01-16 23:00:00+09:00,14.51,14.632,14.464,14.632,13011.8,0.0,0.0001,3.239,172.117,0.0,False
NOTUSDT,2025-01-16 23:00:00+09:00,0.006314,0.006327,0.006263,0.006315,71237990.0,0.0,0.000449,-1.081,-64.381,0.0,False
NSUSDT,2025-01-16 23:00:00+09:00,0.2229,0.2251,0.2219,0.2251,37345.0,0.0,0.0001,1.078,-70.851,0.0,False
NTRNUSDT,2025-01-16 23:00:00+09:00,0.3568,0.3572,0.3551,0.357,20787.0,0.0,0.0001,-0.251,-59.052,0.0,False
NULSUSDT,2025-01-16 23:00:00+09:00,0.3661,0.3667,0.3641,0.366,11641.0,0.0,0.0001,0.247,-54.787,0.0,False
NYANUSDT,2025-01-16 23:00:00+09:00,0.07825,0.07841,0.07808,0.07832,30645.0,0.0,0.0001,-0.128,-93.39,0.0,False
OGNUSDT,2025-01-16 23:00:00+09:00,0.1103,0.1106,0.1098,0.1106,77595.0,0.0,0.000106,-0.36,-72.235,0.0,False
OGUSDT,2025-01-16 23:00:00+09:00,4.85,4.8665,4.8494,4.8665,1633.3,0.0,0.000118,-0.002,-67.998,0.0,False
OLUSDT,2025-01-16 23:00:00+09:00,0.17614,0.1765,0.17514,0.17619,388520.0,0.0,0.0001,-1.366,-82.846,0.0,False
OMGUSDT,2025-01-16 23:00:00+09:00,0.3311,0.332,0.3291,0.3313,12005.0,0.0,0.000838,-0.868,-87.483,0.0,False
OMNIUSDT,2025-01-16 23:00:00+09:00,9.013,9.035,8.967,9.035,1732.18,0.0,0.000102,0.266,-84.081,0.0,False
OMUSDT,2025-01-16 23:00:00+09:00,3.909,3.9097,3.8868,3.9029,41985.0,0.0,0.0001,0.422,-8.256,0.0,False
ONDOUSDT,2025-01-16 23:00:00+09:00,1.248,1.2512,1.2372,1.2483,1447912.0,0.0,0.000288,1.093,-76.34,0.0,False
ONEUSDT,2025-01-16 23:00:00+09:00,0.02613,0.02624,0.02602,0.0261,1587093.0,0.0,0.000137,0.656,-82.621,0.0,False
ONGUSDT,2025-01-16 23:00:00+09:00,0.3516,0.3522,0.3503,0.3518,61113.0,0.0,0.0001,-0.028,-80.913,0.0,False
ONTUSDT,2025-01-16 23:00:00+09:00,0.25865,0.25945,0.2573,0.2594,209579.0,0.0,0.0001,0.718,-67.057,0.0,False
OPUSDT,2025-01-16 23:00:00+09:00,1.8754,1.8825,1.8649,1.8815,247439.1,0.0,0.0001,0.4,-73.017,0.0,False
ORBSUSDT,2025-01-16 23:00:00+09:00,0.03035,0.03041,0.03021,0.03035,704100.0,0.0,0.000385,0.165,-64.779,0.0,False
ORCAUSDT,2025-01-16 23:00:00+09:00,3.544,3.557,3.524,3.557,5702.9,0.0,0.000943,-0.864,-85.921,0.0,False
ORDERUSDT,2025-01-16 23:00:00+09:00,0.2502,0.2513,0.2476,0.2513,140027.0,0.0,0.0001,-1.412,-93.94,0.0,False
ORDIUSDT,2025-01-16 23:00:00+09:00,26.411,26.489,26.253,26.484,9587.45,0.0,0.00042,0.734,-82.696,0.0,False
OSMOUSDT,2025-01-16 23:00:00+09:00,0.4736,0.4756,0.4722,0.4756,20165.0,0.0,0.0001,0.677,-84.271,0.0,False
OXTUSDT,2025-01-16 23:00:00+09:00,0.11649,0.1167,0.11563,0.11632,143820.0,0.0,0.0001,-0.317,-33.144,0.0,False
PAXGUSDT,2025-01-16 23:00:00+09:00,2716.0,2717.0,2716.0,2716.0,4.427,0.0,0.000208,0.332,-70.544,0.0,False
PEAQUSDT,2025-01-16 23:00:00+09:00,0.4593,0.4593,0.4545,0.4563,55751.0,0.0,0.0001,0.264,-83.511,0.0,False
PENDLEUSDT,2025-01-16 23:00:00+09:00,3.8751,3.8861,3.8475,3.8733,39308.0,0.0,0.000159,0.621,-82.197,0.0,False
PENGUSDT,2025-01-16 23:00:00+09:00,0.07933,0.07992,0.07874,0.07982,169538.0,0.0,0.000358,-3.482,-88.37,0.0,False
PENGUUSDT,2025-01-16 23:00:00+09:00,0.03317,0.03323,0.03293,0.03322,13667770.0,0.0,5e-05,-1.919,-90.36,0.0,False
PEOPLEUSDT,2025-01-16 23:00:00+09:00,0.04038,0.04044,0.04008,0.04043,2629507.0,0.0,0.0001,0.198,-78.61,0.0,False
PERPUSDT,2025-01-16 23:00:00+09:00,0.7228,0.7254,0.7182,0.7246,18055.0,0.0,0.0001,-0.055,-60.422,0.0,False
PHAUSDT,2025-01-16 23:00:00+09:00,0.37292,0.37298,0.36654,0.37001,1209383.0,0.0,0.0001,-1.389,-83.774,0.0,False
PHBUSDT,2025-01-16 23:00:00+09:00,1.416,1.4208,1.4067,1.4208,9156.0,0.0,0.0001,-0.112,-74.048,0.0,False
PIRATEUSDT,2025-01-16 23:00:00+09:00,0.1337,0.1338,0.1334,0.1337,47856.0,0.0,0.0001,-0.89,-86.745,0.0,False
PIXELUSDT,2025-01-16 23:00:00+09:00,0.1435,0.144,0.1427,0.144,120745.0,0.0,0.00046,0.629,-66.456,0.0,False
PNUTUSDT,2025-01-16 23:00:00+09:00,0.6284,0.6299,0.621,0.6257,1543544.0,0.0,0.00097,0.854,-78.308,0.0,False
POLUSDT,2025-01-16 23:00:00+09:00,0.4812,0.4836,0.4794,0.4836,474530.0,0.0,0.000808,0.939,-79.694,0.0,False
POLYXUSDT,2025-01-16 23:00:00+09:00,0.2781,0.2789,0.2762,0.2785,147885.0,0.0,0.000354,0.469,-52.369,0.0,False
PONKEUSDT,2025-01-16 23:00:00+09:00,0.29185,0.29326,0.28953,0.29317,317305.0,0.0,0.000809,0.947,-79.117,0.0,False
POPCATUSDT,2025-01-16 23:00:00+09:00,0.5947,0.5978,0.5854,0.5969,5018324.0,0.0,0.001268,0.607,-68.526,0.0,False
PORTALUSDT,2025-01-16 23:00:00+09:00,0.2805,0.2818,0.279,0.2816,137305.9,0.0,0.0001,0.464,-46.397,0.0,False
POWRUSDT,2025-01-16 23:00:00+09:00,0.282,0.2826,0.2803,0.282,117379.0,0.0,0.000104,-0.494,-64.612,0.0,False
PRCLUSDT,2025-01-16 23:00:00+09:00,0.2932,0.2964,0.2926,0.2958,71297.0,0.0,0.0001,1.824,-82.54,0.0,False
PRIMEUSDT,2025-01-16 23:00:00+09:00,15.396,15.474,15.3,15.474,2348.2,0.0,0.000891,-0.578,-83.816,0.0,False
PROMUSDT,2025-01-16 23:00:00+09:00,7.994,8.019,7.851,7.9,50011.6,0.0,0.0001,-2.972,-77.446,0.0,False
PROSUSDT,2025-01-16 23:00:00+09:00,0.5357,0.5367,0.533,0.5367,25149.0,0.0,0.0001,-0.813,-83.378,0.0,False
PUFFERUSDT,2025-01-16 23:00:00+09:00,0.7397,0.742,0.7366,0.7415,86246.0,0.0,0.000301,-0.723,-76.906,0.0,False
PYRUSDT,2025-01-16 23:00:00+09:00,2.819,2.823,2.795,2.807,22492.0,0.0,0.0001,-1.336,160.928,0.0,False
PYTHUSDT,2025-01-16 23:00:00+09:00,0.339,0.34,0.3368,0.34,394016.0,0.0,0.00037,0.89,-88.411,0.0,False
QIUSDT,2025-01-16 23:00:00+09:00,0.01465,0.01467,0.01456,0.01467,252060.0,0.0,0.0001,-1.544,-30.922,0.0,False
QNTUSDT,2025-01-16 23:00:00+09:00,118.3,118.65,117.71,118.65,371.7,0.0,0.0001,1.142,-67.308,0.0,False
QTUMUSDT,2025-01-16 23:00:00+09:00,3.355,3.362,3.335,3.357,13509.3,0.0,0.0001,0.449,-40.403,0.0,False
QUICKUSDT,2025-01-16 23:00:00+09:00,0.04192,0.04192,0.04171,0.0419,16110.0,0.0,0.0001,-0.167,-96.069,0.0,False
RADUSDT,2025-01-16 23:00:00+09:00,1.278,1.278,1.271,1.275,2613.0,0.0,0.0001,-0.546,-95.635,0.0,False
RAREUSDT,2025-01-16 23:00:00+09:00,0.1073,0.1078,0.1068,0.1078,153841.0,0.0,5e-05,0.186,-84.051,0.0,False
RAYDIUMUSDT,2025-01-16 23:00:00+09:00,5.646,5.6649,5.5943,5.6626,8835.7,0.0,0.000271,-1.467,-85.546,0.0,False
RDNTUSDT,2025-01-16 23:00:00+09:00,0.05572,0.05585,0.05542,0.05581,1079626.0,0.0,0.0001,0.018,-31.757,0.0,False
REEFUSDT,2025-01-16 23:00:00+09:00,0.0010027,0.0010043,0.0009837,0.000994,441177250.0,0.0,0.000617,-2.453,-64.801,0.0,False
RENDERUSDT,2025-01-16 23:00:00+09:00,7.476,7.509,7.434,7.506,74316.7,0.0,0.000564,0.067,-82.195,0.0,False
RENUSDT,2025-01-16 23:00:00+09:00,0.03076,0.03083,0.03066,0.03082,72831.9,0.0,0.0001,-0.259,-91.941,0.0,False
REQUSDT,2025-01-16 23:00:00+09:00,0.12126,0.12199,0.12089,0.12199,86516.0,0.0,0.0001,0.329,-70.649,0.0,False
REXUSDT,2025-01-16 23:00:00+09:00,0.03757,0.03757,0.03625,0.03655,5455590.0,0.0,0.0001,-6.879,22.703,0.0,False
REZUSDT,2025-01-16 23:00:00+09:00,0.03304,0.03309,0.03284,0.03309,424620.0,0.0,0.000567,0.242,-48.446,0.0,False
RIFSOLUSDT,2025-01-16 23:00:00+09:00,0.02202,0.02202,0.02148,0.02178,6800686.0,0.0,0.0001,-3.968,-73.002,0.0,False
RIFUSDT,2025-01-16 23:00:00+09:00,0.09843,0.09867,0.09793,0.09867,37469.0,0.0,0.0001,0.071,-69.703,0.0,False
RLCUSDT,2025-01-16 23:00:00+09:00,2.1163,2.1227,2.1066,2.1201,1782.2,0.0,0.0001,0.274,-86.907,0.0,False
RONUSDT,2025-01-16 23:00:00+09:00,1.834,1.838,1.827,1.838,3037.1,0.0,0.0001,-0.433,-68.806,0.0,False
ROSEUSDT,2025-01-16 23:00:00+09:00,0.08104,0.08109,0.08015,0.08095,852539.0,0.0,0.0001,1.011,-32.967,0.0,False
RPLUSDT,2025-01-16 23:00:00+09:00,10.59,10.62,10.53,10.62,612.09,0.0,0.0001,-0.188,-80.153,0.0,False
RSRUSDT,2025-01-16 23:00:00+09:00,0.015089,0.015121,0.014926,0.015094,22858610.0,0.0,0.0001,8.193,-89.162,0.0,False
RSS3USDT,2025-01-16 23:00:00+09:00,0.1156,0.11578,0.11434,0.11468,133526.0,0.0,0.0001,-0.83,-67.304,0.0,False
RUNEUSDT,2025-01-16 23:00:00+09:00,3.448,3.466,3.428,3.466,89128.1,0.0,0.0001,0.902,-85.971,0.0,False
RVNUSDT,2025-01-16 23:00:00+09:00,0.02058,0.02068,0.02052,0.02068,1021199.0,0.0,0.0001,-0.241,-74.552,0.0,False
SAFEUSDT,2025-01-16 23:00:00+09:00,0.9789,0.9813,0.9743,0.9809,28047.9,0.0,0.000261,-0.01,-86.658,0.0,False
SAGAUSDT,2025-01-16 23:00:00+09:00,1.3974,1.4007,1.3898,1.4006,75952.2,0.0,0.001027,-0.997,-58.445,0.0,False
SANDUSDT,2025-01-16 23:00:00+09:00,0.6219,0.6268,0.6206,0.6262,730415.0,0.0,0.0001,2.037,-77.756,0.0,False
SCAUSDT,2025-01-16 23:00:00+09:00,0.2423,0.2423,0.2402,0.2422,36376.2,0.0,0.0001,-0.411,-81.096,0.0,False
SCRTUSDT,2025-01-16 23:00:00+09:00,0.4375,0.4389,0.4348,0.4389,32065.9,0.0,0.0001,-0.454,-84.95,0.0,False
SCRUSDT,2025-01-16 23:00:00+09:00,0.8225,0.8246,0.8184,0.824,29193.0,0.0,0.000211,-0.278,-75.388,0.0,False
SCUSDT,2025-01-16 23:00:00+09:00,0.005993,0.006015,0.005971,0.00601,4775380.0,0.0,5e-05,-0.579,-70.583,0.0,False
SDUSDT,2025-01-16 23:00:00+09:00,1.2068,1.2081,1.2006,1.2048,9672.0,0.0,0.0001,-2.878,-88.806,0.0,False
SEIUSDT,2025-01-16 23:00:00+09:00,0.4081,0.4117,0.4064,0.4117,1827571.0,0.0,0.000469,1.755,-86.454,0.0,False
SENDUSDT,2025-01-16 23:00:00+09:00,2.3184,2.3255,2.3021,2.3203,13277.0,0.0,0.0001,-0.727,-63.186,0.0,False
SFPUSDT,2025-01-16 23:00:00+09:00,0.7226,0.7241,0.72,0.723,8785.8,0.0,0.0001,-0.29,-88.675,0.0,False
SHIB1000USDT,2025-01-16 23:00:00+09:00,0.022289,0.022383,0.022133,0.022383,81839070.0,0.0,0.000127,0.743,-44.787,0.0,False
SILLYUSDT,2025-01-16 23:00:00+09:00,0.0083,0.00845,0.00825,0.00842,1079687.0,0.0,0.00029,1.568,-79.851,0.0,False
SKLUSDT,2025-01-16 23:00:00+09:00,0.04638,0.0467,0.0462,0.0467,373799.0,0.0,0.0001,0.799,-51.627,0.0,False
SLERFUSDT,2025-01-16 23:00:00+09:00,0.1622,0.163,0.161,0.1629,110084.0,0.0,0.000549,-1.333,-95.828,0.0,False
SLFUSDT,2025-01-16 23:00:00+09:00,0.2713,0.2736,0.2702,0.2735,26927.0,0.0,0.0001,-0.726,-80.127,0.0,False
SLPUSDT,2025-01-16 23:00:00+09:00,0.003592,0.003607,0.003575,0.003607,4350570.0,0.0,0.0001,0.614,-50.974,0.0,False
SNTUSDT,2025-01-16 23:00:00+09:00,0.04865,0.0488,0.04838,0.04872,1660590.0,0.0,-0.00064,0.849,-87.861,0.0,False
SNXUSDT,2025-01-16 23:00:00+09:00,1.881,1.888,1.871,1.888,40379.8,0.0,0.0001,-0.211,-61.797,0.0,False
SOLOUSDT,2025-01-16 23:00:00+09:00,0.5996,0.6084,0.599,0.6043,140799.0,0.0,0.0001,3.229,-59.715,0.0,False
SOLUSDT,2025-01-16 23:00:00+09:00,209.81,210.71,208.47,210.56,150613.4,0.0,0.000395,-0.96,-92.811,0.0,False
SONICUSDT,2025-01-16 23:00:00+09:00,0.7052,0.7066,0.6981,0.7041,794907.0,0.0,-0.0066,-1.442,-77.505,0.0,False
SPECUSDT,2025-01-16 23:00:00+09:00,7.817,7.84,7.761,7.805,4511.71,0.0,0.000196,-1.04,-72.063,0.0,False
SPELLUSDT,2025-01-16 23:00:00+09:00,0.0007506,0.000754,0.0007466,0.000754,12117060.0,0.0,0.0001,-0.08,-84.075,0.0,False
SPXUSDT,2025-01-16 23:00:00+09:00,1.0053,1.0137,0.9952,1.0137,612364.0,0.0,0.001825,-2.058,-50.99,0.0,False
SSVUSDT,2025-01-16 23:00:00+09:00,20.935,21.035,20.835,21.035,1449.31,0.0,0.0001,0.0,-48.133,0.0,False
STEEMUSDT,2025-01-16 23:00:00+09:00,0.2573,0.2577,0.2558,0.2574,344912.0,0.0,0.000582,-0.733,-81.273,0.0,False
STGUSDT,2025-01-16 23:00:00+09:00,0.3944,0.395,0.3917,0.3947,392376.2,0.0,-0.000155,-0.604,-57.242,0.0,False
STMXUSDT,2025-01-16 23:00:00+09:00,0.006153,0.006162,0.006119,0.006157,15795970.0,0.0,0.000388,-0.901,-70.636,0.0,False
STORJUSDT,2025-01-16 23:00:00+09:00,0.5176,0.5202,0.5158,0.5202,291885.0,0.0,0.000119,0.483,-19.781,0.0,False
STPTUSDT,2025-01-16 23:00:00+09:00,0.07388,0.07423,0.07363,0.07423,1114820.0,0.0,0.0001,0.04,-70.116,0.0,False
STRKUSDT,2025-01-16 23:00:00+09:00,0.4311,0.4321,0.4284,0.4319,428762.8,0.0,0.000581,-0.185,-72.866,0.0,False
STXUSDT,2025-01-16 23:00:00+09:00,1.5679,1.5742,1.5614,1.5742,180847.4,0.0,0.000236,0.517,-79.055,0.0,False
SUIUSDT,2025-01-16 23:00:00+09:00,4.6917,4.7388,4.6687,4.736,1573480.0,0.0,0.000423,1.344,-73.748,0.0,False
SUNDOGUSDT,2025-01-16 23:00:00+09:00,0.08031,0.08069,0.07971,0.08065,907102.0,0.0,0.00033,0.662,-83.644,0.0,False
SUNUSDT,2025-01-16 23:00:00+09:00,0.023232,0.02331,0.023151,0.02331,292170.0,0.0,0.000954,0.306,-83.698,0.0,False
SUPERUSDT,2025-01-16 23:00:00+09:00,1.2656,1.2708,1.2568,1.2708,14075.0,0.0,0.000854,1.591,-80.905,0.0,False
SUSDT,2025-01-16 23:00:00+09:00,0.7916,0.796,0.7851,0.7945,498482.0,0.0,0.0001,-2.766,-81.185,0.0,False
SUSHIUSDT,2025-01-16 23:00:00+09:00,1.6223,1.6295,1.6117,1.6249,56528.5,0.0,0.0001,0.601,-83.101,0.0,False
SWARMSUSDT,2025-01-16 23:00:00+09:00,0.18604,0.18783,0.18261,0.18772,8926395.0,0.0,0.0001,-8.541,-68.566,0.0,False
SWEATUSDT,2025-01-16 23:00:00+09:00,0.008004,0.008028,0.007967,0.007988,425480.0,0.0,0.0001,-2.18,-91.483,0.0,False
SWELLUSDT,2025-01-16 23:00:00+09:00,0.02816,0.02829,0.02796,0.02827,844140.0,0.0,2.8e-05,1.145,-86.231,0.0,False
SXPUSDT,2025-01-16 23:00:00+09:00,0.3409,0.3419,0.3394,0.3419,126952.0,0.0,0.000358,0.382,-61.998,0.0,False
SYNUSDT,2025-01-16 23:00:00+09:00,0.6521,0.6535,0.6471,0.653,78932.0,0.0,0.000453,-0.654,-86.994,0.0,False
SYSUSDT,2025-01-16 23:00:00+09:00,0.1096,0.1097,0.1089,0.1095,68214.0,0.0,0.0001,-0.273,-58.339,0.0,False
TAIKOUSDT,2025-01-16 23:00:00+09:00,1.4327,1.4384,1.4279,1.4384,61752.7,0.0,0.000891,-0.367,-86.684,0.0,False
TAIUSDT,2025-01-16 23:00:00+09:00,0.32556,0.32894,0.32341,0.3288,221058.0,0.0,0.0001,1.998,-87.24,0.0,False
TAOUSDT,2025-01-16 23:00:00+09:00,461.61,462.04,456.8,459.79,1594.99,0.0,0.000689,1.059,-54.071,0.0,False
THETAUSDT,2025-01-16 23:00:00+09:00,2.4444,2.461,2.4375,2.458,64115.2,0.0,0.0001,1.882,-79.892,0.0,False
THEUSDT,2025-01-16 23:00:00+09:00,1.088,1.0903,1.0794,1.0875,16847.0,0.0,0.0001,-1.307,-72.438,0.0,False
TIAUSDT,2025-01-16 23:00:00+09:00,4.999,5.03,4.973,5.029,197917.6,0.0,0.000636,0.379,-80.399,0.0,False
TLMUSDT,2025-01-16 23:00:00+09:00,0.012164,0.012211,0.012104,0.012198,707022.0,0.0,0.0001,-0.611,-63.88,0.0,False
TNSRUSDT,2025-01-16 23:00:00+09:00,0.4046,0.4066,0.4011,0.4066,36393.5,0.0,0.0001,1.879,-78.074,0.0,False
TOKENUSDT,2025-01-16 23:00:00+09:00,0.0525,0.05257,0.05202,0.05231,581670.0,0.0,0.000381,-0.438,-79.718,0.0,False
TONUSDT,2025-01-16 23:00:00+09:00,5.5452,5.556,5.5269,5.556,61082.1,0.0,0.000374,0.334,-79.537,0.0,False
TRBUSDT,2025-01-16 23:00:00+09:00,59.37,59.56,59.02,59.54,2755.01,0.0,5e-05,0.067,-67.964,0.0,False
TROYUSDT,2025-01-16 23:00:00+09:00,0.002857,0.002866,0.002838,0.002866,9336500.0,0.0,0.0001,-0.313,-82.085,0.0,False
TRUUSDT,2025-01-16 23:00:00+09:00,0.08029,0.08041,0.07977,0.0804,94221.0,0.0,0.0001,0.412,-80.113,0.0,False
TRXUSDT,2025-01-16 23:00:00+09:00,0.23921,0.24029,0.23841,0.24029,1575999.0,0.0,0.0001,0.607,-82.282,0.0,False
TUSDT,2025-01-16 23:00:00+09:00,0.02991,0.02995,0.02974,0.02995,481720.0,0.0,0.0001,-0.133,-81.26,0.0,False
TWTUSDT,2025-01-16 23:00:00+09:00,1.2171,1.2179,1.2091,1.215,39892.8,0.0,0.000107,-1.051,-48.644,0.0,False
UMAUSDT,2025-01-16 23:00:00+09:00,2.567,2.569,2.551,2.568,6026.4,0.0,5e-05,0.078,-51.442,0.0,False
UNIUSDT,2025-01-16 23:00:00+09:00,14.352,14.41,14.274,14.407,51862.7,0.0,0.000189,0.678,-89.397,0.0,False
UROUSDT,2025-01-16 23:00:00+09:00,0.02583,0.02586,0.02499,0.02537,4066070.0,0.0,0.0001,-4.3,-57.366,0.0,False
USDCUSDT,2025-01-16 23:00:00+09:00,1.0,1.0001,1.0,1.0001,6392.0,0.0,0.000126,0.01,-78.041,0.0,False
USDEUSDT,2025-01-16 23:00:00+09:00,0.9998,0.9999,0.9994,0.9994,3694.0,0.0,-1.1e-05,-0.04,-28.439,0.0,False
USTCUSDT,2025-01-16 23:00:00+09:00,0.01881,0.01883,0.01872,0.01877,508270.0,0.0,0.000843,-0.266,-53.465,0.0,False
USUALUSDT,2025-01-16 23:00:00+09:00,0.5444,0.5463,0.5383,0.544,701507.0,0.0,0.0001,-1.805,-79.861,0.0,False
UXLINKUSDT,2025-01-16 23:00:00+09:00,1.1845,1.1855,1.1759,1.1851,249221.0,0.0,0.000483,-0.152,-76.31,0.0,False
VANAUSDT,2025-01-16 23:00:00+09:00,12.318,12.349,12.241,12.345,10915.4,0.0,0.0001,-0.819,-86.653,0.0,False
VANRYUSDT,2025-01-16 23:00:00+09:00,0.10378,0.10411,0.10329,0.10407,205394.0,0.0,0.0001,0.765,-61.312,0.0,False
VELODROMEUSDT,2025-01-16 23:00:00+09:00,0.13424,0.13463,0.13333,0.13459,235733.0,0.0,0.0001,-1.349,-6.609,0.0,False
VELOUSDT,2025-01-16 23:00:00+09:00,0.037362,0.037362,0.03677,0.03698,6279970.0,0.0,0.0001,-0.554,-62.367,0.0,False
VETUSDT,2025-01-16 23:00:00+09:00,0.04979,0.05022,0.04956,0.05021,4237784.0,0.0,0.000136,3.164,-54.289,0.0,False
VIDTUSDT,2025-01-16 23:00:00+09:00,0.02866,0.02872,0.02851,0.02872,649260.0,0.0,0.0001,0.807,-91.734,0.0,False
VIRTUALUSDT,2025-01-16 23:00:00+09:00,3.5934,3.6176,3.5535,3.6152,781546.0,0.0,0.0001,-3.543,-77.32,0.0,False
VOXELUSDT,2025-01-16 23:00:00+09:00,0.1642,0.1649,0.1637,0.1649,31409.0,0.0,0.0001,0.0,-38.426,0.0,False
VRAUSDT,2025-01-16 23:00:00+09:00,0.004324,0.004355,0.004295,0.004313,7636300.0,0.0,0.0001,0.889,-72.184,0.0,False
VRUSDT,2025-01-16 23:00:00+09:00,0.02223,0.02444,0.02145,0.0221,153782420.0,0.0,0.0001,8.706,-31.668,0.0,False
VTHOUSDT,2025-01-16 23:00:00+09:00,0.002601,0.00261,0.002592,0.00261,4810500.0,0.0,0.0001,0.617,-60.94,0.0,False
WAVESUSDT,2025-01-16 23:00:00+09:00,1.846,1.847,1.8355,1.8445,57676.2,0.0,0.0001,0.326,-73.337,0.0,False
WAXPUSDT,2025-01-16 23:00:00+09:00,0.0462,0.04632,0.04598,0.0463,580870.0,0.0,0.000475,-0.28,-54.658,0.0,False
WIFUSDT,2025-01-16 23:00:00+09:00,1.7893,1.8027,1.7691,1.7993,3923314.0,0.0,0.000729,1.164,-58.238,0.0,False
