symbol,timestamp,open,high,low,close,volume,openInterest,funding_rate,price_change_rate,volume_change_rate,oi_change_rate
10000000AIDOGEUSDT,2025-01-09 09:00:00+09:00,0.002499,0.002556,0.00241,0.002501,172791200.0,152119300.0,0.0001,-17.946,-39.205,-14.321
1000000BABYDOGEUSDT,2025-01-09 09:00:00+09:00,0.0027495,0.0029007,0.0026753,0.0027542,4012740000.0,2233009500.0,-0.000146,-18.258,58.421,-11.002
1000000CHEEMSUSDT,2025-01-09 09:00:00+09:00,0.8367,0.8881,0.7449,0.7733,4435204.0,4817712.0,0.0001,-23.474,2.736,8.905
1000000MOGUSDT,2025-01-09 09:00:00+09:00,2.1798,2.2028,1.9926,2.0466,4818926.0,6866033.0,0.0001,-23.457,-25.757,-12.533
1000000PEIPEIUSDT,2025-01-09 09:00:00+09:00,0.0775,0.0785,0.0698,0.0722,10439287.0,20235656.0,0.0001,-28.302,-49.497,-23.602
10000COQUSDT,2025-01-09 09:00:00+09:00,0.01308,0.01329,0.01223,0.01279,38419300.0,70147790.0,0.0001,-14.505,-31.189,-30.603
10000LADYSUSDT,2025-01-09 09:00:00+09:00,0.0006956,0.0007075,0.0006439,0.0006688,1150626200.0,5457378600.0,0.0001,-17.125,22.33,-7.18
10000QUBICUSDT,2025-01-09 09:00:00+09:00,0.02761,0.02793,0.02468,0.02557,54502780.0,42684130.0,0.0001,-22.256,76.202,2.571
10000SATSUSDT,2025-01-09 09:00:00+09:00,0.001363,0.001412,0.001327,0.00139,7258768600.0,4730508500.0,0.0001,-27.072,175.453,31.997
10000WENUSDT,2025-01-09 09:00:00+09:00,0.7626,0.7756,0.7075,0.7447,1359647.0,4845393.0,0.0001,-21.07,33.074,0.541
10000WHYUSDT,2025-01-09 09:00:00+09:00,0.00105,0.001066,0.000962,0.000997,1294792700.0,2293758400.0,0.0001,-24.298,-31.588,1.973
1000APUUSDT,2025-01-09 09:00:00+09:00,0.6124,0.6232,0.5482,0.5712,4851569.0,4819623.0,0.0001,-26.638,-40.711,-9.236
1000BONKUSDT,2025-01-09 09:00:00+09:00,0.028796,0.029307,0.026768,0.027784,1197197400.0,8899244900.0,0.0001,-21.133,-12.204,-2.435
1000BTTUSDT,2025-01-09 09:00:00+09:00,0.0011433,0.0012098,0.0011236,0.0011575,6256972900.0,3558345600.0,-0.001118,-8.062,293.247,30.942
1000CATSUSDT,2025-01-09 09:00:00+09:00,0.01902,0.01924,0.0174,0.01806,17066430.0,32016380.0,0.0001,-21.512,-46.133,-17.908
1000CATUSDT,2025-01-09 09:00:00+09:00,0.02764,0.02808,0.02555,0.0269,173176091.0,251478063.0,0.0001,-25.236,51.359,-7.691
1000FLOKIUSDT,2025-01-09 09:00:00+09:00,0.16706,0.16957,0.15849,0.16412,75614365.0,180737308.0,0.0001,-18.523,10.185,-20.883
1000LUNCUSDT,2025-01-09 09:00:00+09:00,0.10448,0.10578,0.09913,0.10192,14212625.0,36114199.0,0.0001,-15.102,-0.317,-19.223
1000MUMUUSDT,2025-01-09 09:00:00+09:00,0.020522,0.021174,0.017913,0.018626,48946060.0,87078570.0,0.0001,-30.56,10.323,-17.1
1000NEIROCTOUSDT,2025-01-09 09:00:00+09:00,0.7957,0.8167,0.7512,0.7902,16000895.0,11885943.0,0.0001,-26.17,26.486,-2.844
1000PEPEUSDT,2025-01-09 09:00:00+09:00,0.017814,0.018086,0.016667,0.017417,12321484800.0,12583578500.0,0.0001,-16.172,10.099,-1.48
1000RATSUSDT,2025-01-09 09:00:00+09:00,0.05272,0.05441,0.05041,0.05249,180831800.0,157670700.0,0.0001,-28.302,17.386,-3.42
1000TOSHIUSDT,2025-01-09 09:00:00+09:00,0.1475,0.15,0.1308,0.1347,2249349.0,4438750.0,0.0001,-25.662,21.147,-30.513
1000TURBOUSDT,2025-01-09 09:00:00+09:00,8.4696,8.5979,8.0365,8.3475,551193.0,695914.0,0.0001,-17.707,-21.454,-14.47
1000XECUSDT,2025-01-09 09:00:00+09:00,0.03522,0.0367,0.03488,0.03607,45068550.0,29470130.0,0.0001,-6.844,95.738,-7.256
1000XUSDT,2025-01-09 09:00:00+09:00,0.13938,0.1415,0.1288,0.13395,12592410.0,16763310.0,0.0001,-21.515,19.043,1.763
1CATUSDT,2025-01-09 09:00:00+09:00,0.001267,0.001286,0.001187,0.00123,207714150.0,460221810.0,0.0001,-18.435,-66.251,-24.193
1INCHUSDT,2025-01-09 09:00:00+09:00,0.3822,0.3928,0.3735,0.3846,10638296.8,20282839.3,6.7e-05,-11.951,48.218,-11.023
A8USDT,2025-01-09 09:00:00+09:00,0.29285,0.30946,0.26628,0.27486,5866540.0,5600937.0,0.0001,-19.807,27.398,13.862
AAVEUSDT,2025-01-09 09:00:00+09:00,293.15,299.76,273.44,281.47,153674.05,230391.15,-7.6e-05,-17.552,20.762,6.603
ACEUSDT,2025-01-09 09:00:00+09:00,1.826,1.844,1.739,1.801,612826.8,647899.5,0.0001,-19.562,19.433,-13.833
ACHUSDT,2025-01-09 09:00:00+09:00,0.02323,0.023834,0.022318,0.022816,44827940.0,114461710.0,0.0001,-15.802,39.311,8.184
ACTUSDT,2025-01-09 09:00:00+09:00,0.301,0.3154,0.276,0.2879,104887588.0,31170630.0,0.0001,-18.557,25.931,16.02
ACXUSDT,2025-01-09 09:00:00+09:00,0.4696,0.4801,0.4307,0.4474,4354720.0,3700922.0,0.0001,-26.232,18.41,-1.588
ADAUSDT,2025-01-09 09:00:00+09:00,0.9461,0.9597,0.879,0.9104,243757681.0,228664922.0,-5.1e-05,-16.729,17.448,5.093
AERGOUSDT,2025-01-09 09:00:00+09:00,0.13,0.1425,0.1278,0.1388,43326731.0,17643953.0,0.0001,-0.43,-47.625,-22.894
AEROUSDT,2025-01-09 09:00:00+09:00,1.3007,1.3087,1.1238,1.1745,9610903.0,10299972.0,-0.000316,-21.417,33.319,-10.846
AEVOUSDT,2025-01-09 09:00:00+09:00,0.3355,0.3395,0.3157,0.3261,4837657.4,19737548.89999999,0.0001,-19.462,76.796,2.735
AGIUSDT,2025-01-09 09:00:00+09:00,0.14093,0.14204,0.13273,0.13648,31441920.0,70508930.0,0.0001,-19.609,-10.017,-3.527
AGLDUSDT,2025-01-09 09:00:00+09:00,2.2267,2.2274,1.9592,2.0111,19771366.0,6320449.4,-0.002579,-24.175,-69.133,-16.317
AI16ZUSDT,2025-01-09 09:00:00+09:00,1.7204,1.7638,1.2683,1.3764,81259803.0,22347560.0,5e-05,-37.059,-2.506,12.91
AIOZUSDT,2025-01-09 09:00:00+09:00,1.0123,1.0159,0.85,0.8847,7889184.0,6059981.0,0.0001,-22.942,-29.352,-28.57
AIUSDT,2025-01-09 09:00:00+09:00,0.6746,0.6799,0.6217,0.6519,16776037.9,10478006.69999999,0.0001,-14.94,-14.662,9.576
AIXBTUSDT,2025-01-09 09:00:00+09:00,0.4379,0.4778,0.3811,0.4026,97990780.0,48568310.0,0.0001,-26.827,-23.79,-17.259
AKTUSDT,2025-01-09 09:00:00+09:00,3.23,3.23,2.946,3.063,1564200.1,1764811.9,-0.001431,-20.483,-26.857,-4.866
ALEOUSDT,2025-01-09 09:00:00+09:00,0.7339,0.7344,0.6356,0.6517,4354328.0,5788240.0,0.0001,-23.787,-8.009,-3.782
ALGOUSDT,2025-01-09 09:00:00+09:00,0.3586,0.3634,0.3349,0.3472,91946307.2,81231532.8,0.0001,-16.297,13.375,-4.014
ALICEUSDT,2025-01-09 09:00:00+09:00,1.116,1.133,1.068,1.102,808768.5,2906150.9,0.0001,-15.685,41.738,7.052
ALPACAUSDT,2025-01-09 09:00:00+09:00,0.15873,0.16125,0.15169,0.15636,922765.0,4802674.0,0.0001,-16.039,20.94,1.653
ALPHAUSDT,2025-01-09 09:00:00+09:00,0.07543,0.07669,0.07102,0.07372,21193478.0,25272887.0,0.00019,-18.837,40.315,-2.139
ALTUSDT,2025-01-09 09:00:00+09:00,0.1065,0.10852,0.09976,0.10414,14872274.0,51295915.0,2.6e-05,-19.849,44.637,0.117
AMBUSDT,2025-01-09 09:00:00+09:00,0.007111,0.007268,0.006591,0.006885,63404050.0,130213140.0,0.0001,-18.521,10.144,-20.226
ANKRUSDT,2025-01-09 09:00:00+09:00,0.03495,0.037,0.0341,0.03575,103189913.0,146893287.0,0.0001,-12.162,78.247,4.456
APEUSDT,2025-01-09 09:00:00+09:00,1.1248,1.1452,1.0631,1.103,15237040.2,14953568.3,0.0001,-18.933,36.567,-12.603
API3USDT,2025-01-09 09:00:00+09:00,1.497,1.526,1.42,1.474,671147.7,1826818.2,5.6e-05,-17.608,25.429,-1.996
APTUSDT,2025-01-09 09:00:00+09:00,9.0075,9.1265,8.5045,8.732,4678229.23,8084139.5,9.2e-05,-14.152,60.807,-5.373
ARBUSDT,2025-01-09 09:00:00+09:00,0.7867,0.7983,0.737,0.7638,40631131.9,75026759.6,3.8e-05,-16.852,24.89,-8.905
ARKMUSDT,2025-01-09 09:00:00+09:00,1.3587,1.3948,1.2919,1.3439,5666108.0,9714454.0,8.7e-05,-20.868,62.875,-4.445
ARKUSDT,2025-01-09 09:00:00+09:00,0.607,0.679,0.592,0.648,50736852.0,6737548.0,0.0001,3.913,269.194,42.77
ARPAUSDT,2025-01-09 09:00:00+09:00,0.04612,0.04658,0.04425,0.04572,9757100.0,22476110.0,0.0001,-14.59,26.579,-3.222
ARUSDT,2025-01-09 09:00:00+09:00,15.911,16.28,14.939,15.461,779334.1,1434400.8,4.3e-05,-18.325,58.637,-1.947
ASTRUSDT,2025-01-09 09:00:00+09:00,0.06078,0.06167,0.05848,0.060255,37085882.0,55351539.0,0.0001,-10.977,23.8,-3.479
ATAUSDT,2025-01-09 09:00:00+09:00,0.15633,0.15927,0.14278,0.14775,13920110.0,12601260.0,0.0001,-23.155,-74.047,-26.93
ATHUSDT,2025-01-09 09:00:00+09:00,0.06687,0.06704,0.06149,0.0637,261612810.0,254631930.0,-0.000175,-15.405,82.974,-3.73
ATOMUSDT,2025-01-09 09:00:00+09:00,6.456,6.597,6.253,6.452,2123744.0,7136883.2,2.8e-05,-13.408,99.611,8.367
AUCTIONUSDT,2025-01-09 09:00:00+09:00,15.421,15.957,15.026,15.522,167295.5,346585.5,0.000315,-13.502,-20.583,-4.488
AUDIOUSDT,2025-01-09 09:00:00+09:00,0.1467,0.1489,0.1402,0.1441,6106893.2,19196676.2,0.0001,-15.385,10.87,0.19
AVAILUSDT,2025-01-09 09:00:00+09:00,0.11502,0.11665,0.11066,0.11269,26585139.0,14889291.0,0.0001,-7.722,151.448,-0.243
AVAUSDT,2025-01-09 09:00:00+09:00,1.181,1.1937,1.0745,1.1119,2021321.5,1640571.4,0.0001,-21.131,-18.815,-7.623
AVAXUSDT,2025-01-09 09:00:00+09:00,37.395,37.915,35.525,36.59,1910964.9,3270935.1,-0.000116,-16.926,40.129,3.004
AXLUSDT,2025-01-09 09:00:00+09:00,0.6355,0.6508,0.5911,0.61,2993778.0,6366868.0,0.0001,-18.797,53.265,0.969
AXSUSDT,2025-01-09 09:00:00+09:00,6.184,6.337,6.021,6.204,1653742.3,2780205.6,-0.000405,-14.804,255.91,-0.561
BADGERUSDT,2025-01-09 09:00:00+09:00,3.911,3.964,3.685,3.812,464417.3,864929.6,0.0001,-14.873,22.945,-23.365
BAKEUSDT,2025-01-09 09:00:00+09:00,0.2354,0.2392,0.222,0.2301,3538676.9,13521433.6,0.0001,-16.841,17.176,-3.811
BALUSDT,2025-01-09 09:00:00+09:00,2.509,2.549,2.371,2.459,114087.4,458256.93,0.0001,-14.261,59.091,-6.908
BANANAUSDT,2025-01-09 09:00:00+09:00,43.816,44.006,40.63,41.041,76913.8,53180.14,0.0001,-7.891,-37.033,-22.802
BANDUSDT,2025-01-09 09:00:00+09:00,1.372,1.4,1.303,1.343,472063.9,1359527.39999999,0.0001,-16.324,28.432,-19.491
BANUSDT,2025-01-09 09:00:00+09:00,0.0527,0.0592,0.0495,0.0522,619430364.0,161271770.0,0.0001,-17.143,56.023,4.29
BATUSDT,2025-01-09 09:00:00+09:00,0.2466,0.2571,0.2406,0.2519,21440487.1,15163282.2,6.4e-05,-10.642,80.841,-6.541
BBUSDT,2025-01-09 09:00:00+09:00,0.3671,0.375,0.3403,0.3528,9721088.0,5958437.0,0.0001,-23.62,-1.178,-7.441
BCHUSDT,2025-01-09 09:00:00+09:00,434.1,436.9,412.2,426.2,65383.59,112446.39,-9.2e-05,-11.76,54.38,1.153
BEAMUSDT,2025-01-09 09:00:00+09:00,0.024138,0.024339,0.022416,0.023187,232441200.0,559316600.0,0.0001,-18.235,52.261,-9.108
BELUSDT,2025-01-09 09:00:00+09:00,0.5355,0.546,0.509,0.5247,871766.0,2398272.0,0.0001,-17.174,-45.674,0.337
BENDOGUSDT,2025-01-09 09:00:00+09:00,0.009397,0.009506,0.008485,0.008715,46124430.0,309481060.0,0.0001,-14.079,-40.367,0.559
BICOUSDT,2025-01-09 09:00:00+09:00,0.2823,0.2863,0.2655,0.274,1895609.2,6492981.5,0.0001,-19.719,-21.765,-1.809
BIGTIMEUSDT,2025-01-09 09:00:00+09:00,0.12638,0.12891,0.12099,0.12502,51363381.0,56628672.0,0.0001,-17.82,54.502,-22.332
BILLYUSDT,2025-01-09 09:00:00+09:00,0.01596,0.01638,0.01365,0.01448,59557670.0,74052800.0,0.0001,-23.101,-5.443,-9.824
BIOUSDT,2025-01-09 09:00:00+09:00,0.5764,0.5828,0.5101,0.5283,35204414.0,21535813.0,0.0001,-26.656,-25.639,-29.307
BLASTUSDT,2025-01-09 09:00:00+09:00,0.008687,0.008971,0.00837,0.00858,1196632110.0,457576110.0,0.0001,-12.707,109.272,-9.745
BLUEUSDT,2025-01-09 09:00:00+09:00,0.40106,0.41776,0.36046,0.37926,9643227.0,3148995.0,0.0001,-12.202,-30.816,-18.131
BLURUSDT,2025-01-09 09:00:00+09:00,0.2341,0.2378,0.2253,0.2325,30267405.0,52861963.0,0.0001,-15.485,71.579,-24.08
BNBUSDT,2025-01-09 09:00:00+09:00,695.45,701.4,680.4,692.4,56323.04,163981.15,0.0001,-5.073,47.831,-2.757
BNTUSDT,2025-01-09 09:00:00+09:00,0.65385,0.66265,0.62115,0.63945,509643.0,1193153.0,0.0001,-13.588,110.143,9.724
BNXUSDT,2025-01-09 09:00:00+09:00,0.3717,0.3775,0.3589,0.3696,2318908.9,7787363.0,0.0001,-16.832,12.025,-4.108
BOBAUSDT,2025-01-09 09:00:00+09:00,0.19298,0.19519,0.18679,0.19112,3320708.5,5445899.8,0.0001,-12.519,5.378,-13.739
BOMEUSDT,2025-01-09 09:00:00+09:00,0.00566,0.005765,0.005354,0.00558,1430460700.0,2869013500.0,0.0001,-20.137,54.463,-2.4
BRETTUSDT,2025-01-09 09:00:00+09:00,0.12262,0.12551,0.11515,0.11982,130823860.0,275040320.0,0.0001,-19.756,13.708,-5.032
BSVUSDT,2025-01-09 09:00:00+09:00,53.39,54.43,50.82,52.25,45706.76,37410.08999999,0.0001,-10.836,3.995,-31.147
BSWUSDT,2025-01-09 09:00:00+09:00,0.06882,0.06976,0.06521,0.06738,5142388.0,10339168.0,0.0001,-18.039,32.634,-3.845
BTCUSDT,2025-01-09 09:00:00+09:00,95022.2,95356.6,91738.0,93324.6,76976.718,65410.49,0.0001,-8.672,112.124,4.898
C98USDT,2025-01-09 09:00:00+09:00,0.1565,0.1601,0.1479,0.1542,9773752.8,25281266.1,0.0001,-18.24,93.976,2.068
CAKEUSDT,2025-01-09 09:00:00+09:00,2.311,2.361,2.251,2.306,1185273.6,4043365.8,0.0001,-17.407,50.83,3.343
CARVUSDT,2025-01-09 09:00:00+09:00,0.8477,0.9034,0.8274,0.8494,5167557.0,10347584.0,-0.002424,-8.696,11.415,0.451
CATIUSDT,2025-01-09 09:00:00+09:00,0.3044,0.3109,0.2931,0.3051,10561323.0,16226535.0,0.0001,-22.327,64.093,-2.631
CELOUSDT,2025-01-09 09:00:00+09:00,0.6483,0.6663,0.6269,0.6449,2883360.5,6487086.7,0.0001,-12.981,25.767,-8.741
CELRUSDT,2025-01-09 09:00:00+09:00,0.01692,0.0172,0.0161,0.01669,43256681.0,148848747.0,0.0001,-18.665,-10.296,-9.721
CETUSUSDT,2025-01-09 09:00:00+09:00,0.35479,0.35479,0.30711,0.31495,10935094.0,12997174.0,0.0001,-19.467,-24.401,-27.871
CFXUSDT,2025-01-09 09:00:00+09:00,0.14915,0.15193,0.14408,0.14849,22441086.0,40537037.0,0.0001,-16.447,35.933,-2.028
CHESSUSDT,2025-01-09 09:00:00+09:00,0.1787,0.1817,0.1735,0.18,4193231.0,4538380.0,0.0001,-12.494,41.282,-28.326
CHILLGUYUSDT,2025-01-09 09:00:00+09:00,0.1399,0.1435,0.1248,0.1315,170404424.0,99482490.0,0.0001,-33.485,-30.243,1.143
CHRUSDT,2025-01-09 09:00:00+09:00,0.2154,0.2187,0.2056,0.2125,4052409.0,10813320.3,0.0001,-19.781,21.871,-4.206
CHZUSDT,2025-01-09 09:00:00+09:00,0.08226,0.08473,0.08022,0.08277,85236031.0,95838669.0,-8.8e-05,-13.102,62.38,-2.089
CKBUSDT,2025-01-09 09:00:00+09:00,0.011113,0.011286,0.010669,0.011038,248982670.0,278937520.0,0.0001,-12.97,44.721,-13.074
CLOUDUSDT,2025-01-09 09:00:00+09:00,0.1842,0.1911,0.1752,0.1789,21897305.0,11708397.0,0.0001,-19.991,63.867,3.168
COMBOUSDT,2025-01-09 09:00:00+09:00,0.4006,0.4085,0.3823,0.3947,204534.1,846733.7,0.0001,-18.619,22.867,9.284
COMPUSDT,2025-01-09 09:00:00+09:00,72.4,73.93,69.05,71.25,50508.2,72321.07,0.0001,-16.314,6.744,-12.459
COOKUSDT,2025-01-09 09:00:00+09:00,0.03093,0.0316,0.02908,0.03061,22961600.0,71026130.0,0.0001,-11.659,289.372,41.948
COREUSDT,2025-01-09 09:00:00+09:00,1.0403,1.0554,0.9772,1.016,2018225.3,7073241.9,0.0001,-18.42,-13.178,-10.33
COSUSDT,2025-01-09 09:00:00+09:00,0.007176,0.007278,0.006798,0.007012,43646290.0,96700640.0,0.0001,-15.65,-12.62,-7.395
COTIUSDT,2025-01-09 09:00:00+09:00,0.1138,0.11541,0.10406,0.10871,15802176.0,47256867.0,0.0001,-20.534,43.488,-8.436
COWUSDT,2025-01-09 09:00:00+09:00,0.7554,0.766,0.6841,0.7129,10412522.0,7204228.0,0.0001,-21.788,-27.959,19.391
CROUSDT,2025-01-09 09:00:00+09:00,0.14577,0.14697,0.1353,0.13907,27083885.0,61717106.0,1.5e-05,-14.529,13.538,-1.26
CRVUSDT,2025-01-09 09:00:00+09:00,0.8572,0.8859,0.7852,0.8237,42643576.3,64565695.5,0.0001,-17.332,23.074,2.101
CTCUSDT,2025-01-09 09:00:00+09:00,1.09685,1.0984,1.0076,1.04775,9351592.0,6186300.0,-0.000336,-16.954,90.457,-2.179
CTKUSDT,2025-01-09 09:00:00+09:00,0.7592,0.7725,0.7188,0.7417,886847.7,2433356.0,5e-05,-15.428,-47.952,-8.32
CTSIUSDT,2025-01-09 09:00:00+09:00,0.14795,0.15098,0.14069,0.14592,2336809.0,10871762.0,0.0001,-16.215,40.546,-2.861
CVCUSDT,2025-01-09 09:00:00+09:00,0.17679,0.18008,0.16884,0.17796,45575224.0,25401641.0,0.0001,-6.194,-52.844,-9.581
CVXUSDT,2025-01-09 09:00:00+09:00,4.308,4.604,4.108,4.24,1699159.55,1640667.43,0.001051,-18.79,-28.142,-4.552
CYBERUSDT,2025-01-09 09:00:00+09:00,3.119,3.196,2.992,3.085,423075.2,1132043.39999999,0.0001,-15.177,13.085,5.907
DASHUSDT,2025-01-09 09:00:00+09:00,37.6,38.17,35.71,37.03,25394.32,142556.54999999,0.0001,-15.514,-14.738,-2.487
DATAUSDT,2025-01-09 09:00:00+09:00,0.04598,0.04692,0.04382,0.04487,9562260.0,9897910.0,0.0001,-13.595,-8.935,-15.897
DBRUSDT,2025-01-09 09:00:00+09:00,0.03391,0.03426,0.0314,0.0325,50071490.0,68738340.0,0.0001,-14.609,-33.623,-20.542
DEEPUSDT,2025-01-09 09:00:00+09:00,0.17136,0.17184,0.14085,0.14646,168781370.0,95830240.0,6.1e-05,-13.501,2.304,0.283
DEGENUSDT,2025-01-09 09:00:00+09:00,0.010672,0.010885,0.009716,0.010033,621860850.0,793707170.0,0.0001,-26.708,-43.571,-10.171
DENTUSDT,2025-01-09 09:00:00+09:00,0.0013067,0.0013279,0.0012113,0.0012525,600809400.0,1055844600.0,0.0001,-20.567,-30.62,-2.493
DEXEUSDT,2025-01-09 09:00:00+09:00,14.927,15.009,14.03,14.619,348215.4,205580.8,0.0001,-9.424,-58.922,12.704
DGBUSDT,2025-01-09 09:00:00+09:00,0.012479,0.012681,0.011815,0.012269,138670030.0,173810890.0,0.0001,-17.442,-64.724,1.147
DODOUSDT,2025-01-09 09:00:00+09:00,0.14407,0.1459,0.13403,0.14049,4018598.0,12467223.0,0.0001,-16.786,86.838,7.336
DOGEUSDT,2025-01-09 09:00:00+09:00,0.34206,0.34667,0.31741,0.32658,1569957448.0,1956674109.0,0.0001,-15.769,14.597,-8.813
DOGSUSDT,2025-01-09 09:00:00+09:00,0.0004418,0.0004518,0.0004277,0.0004428,17929716300.0,23407373500.0,0.0001,-22.029,97.105,7.565
DOGUSDT,2025-01-09 09:00:00+09:00,0.005994,0.006112,0.005508,0.005798,1307616600.0,2155421300.0,0.0001,-19.36,35.155,-4.211
DOP1USDT,2025-01-09 09:00:00+09:00,0.001245,0.001267,0.001183,0.001224,344935150.0,920757510.0,0.0001,-20.416,-32.421,-12.508
DOTUSDT,2025-01-09 09:00:00+09:00,6.755,6.841,6.458,6.687,5466574.0,11712187.6,8e-05,-13.938,40.914,-0.115
DRIFTUSDT,2025-01-09 09:00:00+09:00,1.2584,1.2606,1.1167,1.1513,13481954.0,13848132.0,0.000903,-17.262,16.332,-6.458
DUSKUSDT,2025-01-09 09:00:00+09:00,0.21147,0.21541,0.20178,0.20843,2359723.0,8515423.0,0.0001,-19.779,18.715,-20.269
DYDXUSDT,2025-01-09 09:00:00+09:00,1.345,1.37,1.276,1.329,10285454.7,24554049.3,0.0001,-18.914,84.837,5.308
DYMUSDT,2025-01-09 09:00:00+09:00,1.238,1.258,1.15,1.192,1629190.5,4150613.8,0.0001,-22.142,86.449,3.979
EDUUSDT,2025-01-09 09:00:00+09:00,0.5331,0.5519,0.5139,0.5308,3914680.1,4805492.2,0.0001,-7.349,127.772,-13.12
EGLDUSDT,2025-01-09 09:00:00+09:00,33.07,33.75,32.03,33.06,134191.86,256203.88,0.0001,-13.794,36.903,-6.767
EIGENUSDT,2025-01-09 09:00:00+09:00,3.4183,3.4677,3.161,3.2893,5178538.0,4331816.0,9.1e-05,-18.819,19.439,-11.075
ENAUSDT,2025-01-09 09:00:00+09:00,0.9747,0.9884,0.8607,0.9046,162966015.0,222342561.0,-0.000541,-22.763,26.016,3.236
ENJUSDT,2025-01-09 09:00:00+09:00,0.2096,0.213,0.1981,0.2049,6180726.5,20776131.89999999,0.0001,-18.073,37.121,-5.247
ENSUSDT,2025-01-09 09:00:00+09:00,32.365,32.995,30.484,31.499,573277.0,704538.0,2.2e-05,-15.405,19.704,1.138
EOSUSDT,2025-01-09 09:00:00+09:00,0.7938,0.8048,0.763,0.7885,19224966.6,23849213.0,9e-05,-14.051,-4.336,-15.504
ETCUSDT,2025-01-09 09:00:00+09:00,25.25,25.58,24.31,25.056,610924.9,1645052.8,0.0001,-12.606,47.386,-5.645
ETHBTCUSDT,2025-01-09 09:00:00+09:00,0.035072,0.03569,0.034984,0.035161,58710510.0,456053910.0,0.0,-2.66,147.259,-1.663
ETHFIUSDT,2025-01-09 09:00:00+09:00,1.9433,1.973,1.8215,1.8892,2678973.0,4716481.59999999,-5.4e-05,-21.208,31.631,-1.193
ETHUSDT,2025-01-09 09:00:00+09:00,3325.76,3356.19,3208.17,3276.13,787713.55,1190770.93,0.0001,-11.109,86.296,-0.466
ETHWUSDT,2025-01-09 09:00:00+09:00,3.098,3.156,2.923,3.017,121937.54,1079658.44,-1e-06,-16.726,16.019,-4.087
FARTCOINUSDT,2025-01-09 09:00:00+09:00,1.1332,1.1337,0.7835,0.8253,144013727.0,41724690.0,0.0001,-29.51,2.777,22.598
FBUSDT,2025-01-09 09:00:00+09:00,2.519,2.58,2.349,2.43,359706.3,333699.59999999,0.000121,-14.043,-0.093,-20.568
FDUSDUSDT,2025-01-09 09:00:00+09:00,0.9983,1.0,0.9983,0.9987,90774.0,238670.0,0.0001,0.06,164.945,-9.005
FIDAUSDT,2025-01-09 09:00:00+09:00,0.2322,0.2363,0.2098,0.2167,4366235.0,5255604.0,0.0001,-20.884,78.215,-12.549
FILUSDT,2025-01-09 09:00:00+09:00,5.109,5.187,4.907,5.081,3519908.1,7625608.4,5.3e-05,-15.09,105.492,-3.107
FIOUSDT,2025-01-09 09:00:00+09:00,0.03707,0.03789,0.03492,0.03611,8290700.0,17481450.0,0.0001,-19.684,17.271,-1.096
FIREUSDT,2025-01-09 09:00:00+09:00,0.3337,0.3718,0.3324,0.344,2819335.4,1741371.1,0.0001,-18.676,5.307,16.023
FLMUSDT,2025-01-09 09:00:00+09:00,0.06918,0.07082,0.0659,0.06803,8013710.0,18353556.0,0.0001,-15.132,71.27,17.689
FLOWUSDT,2025-01-09 09:00:00+09:00,0.7274,0.7564,0.7143,0.7363,7513237.0,10531505.3,0.0001,-12.094,57.513,-2.419
FLRUSDT,2025-01-09 09:00:00+09:00,0.02421,0.02428,0.02277,0.02331,54987840.0,147604050.0,0.0001,-13.184,15.428,19.099
FLUXUSDT,2025-01-09 09:00:00+09:00,0.5713,0.5805,0.5452,0.5635,526690.0,1702027.0,0.0001,-18.687,34.297,-17.645
FORTHUSDT,2025-01-09 09:00:00+09:00,5.2535,5.4255,4.96,5.0861,164202.9,213461.0,0.0001,-14.114,6.138,-23.91
FOXYUSDT,2025-01-09 09:00:00+09:00,0.01093,0.011158,0.010038,0.010495,175141700.0,267008850.0,0.0001,-27.305,390.235,16.921
FTMUSDT,2025-01-09 09:00:00+09:00,0.6916,0.6924,0.6223,0.639,57773480.0,38036984.0,-6e-06,-18.297,17.413,-49.714
FTNUSDT,2025-01-09 09:00:00+09:00,3.6625,3.697,3.6271,3.6599,74122.1,163153.4,0.0001,1.094,-7.776,-7.605
FUELUSDT,2025-01-09 09:00:00+09:00,0.05479,0.05719,0.04855,0.05028,135756030.0,93312380.0,5e-05,-27.088,2.005,8.852
FUSDT,2025-01-09 09:00:00+09:00,0.04948,0.05014,0.04449,0.04566,21507311.0,31651672.0,0.0001,-16.236,39.902,-12.763
FWOGUSDT,2025-01-09 09:00:00+09:00,0.19459,0.20535,0.15828,0.17517,73143237.0,44283517.0,0.0001,-33.345,61.151,49.32
FXSUSDT,2025-01-09 09:00:00+09:00,3.259,3.338,3.121,3.2,905695.47,1050523.58,6.8e-05,-19.97,-25.375,-10.128
GALAUSDT,2025-01-09 09:00:00+09:00,0.03467,0.0354,0.03311,0.03438,1731850647.0,971369501.0,2.7e-05,-19.635,39.36,-8.961
GASUSDT,2025-01-09 09:00:00+09:00,5.357,6.55,5.282,5.763,45050621.2,1818294.4,0.0001,7.659,4226.067,349.718
GEMSUSDT,2025-01-09 09:00:00+09:00,0.09955,0.09979,0.08959,0.09026,4910933.0,3460396.0,0.0001,-16.519,1.971,12.63
GIGAUSDT,2025-01-09 09:00:00+09:00,0.07893,0.08018,0.06725,0.07002,73801840.0,34000690.0,0.0001,-22.381,-47.501,-35.875
GLMRUSDT,2025-01-09 09:00:00+09:00,0.22945,0.23425,0.2175,0.2244,2934243.0,7797811.0,0.0001,-16.827,9.274,-9.336
GLMUSDT,2025-01-09 09:00:00+09:00,0.38861,0.41429,0.38312,0.40115,19924604.0,6650113.0,0.000497,-6.627,-23.301,-30.15
GMEUSDT,2025-01-09 09:00:00+09:00,0.003574,0.003698,0.003373,0.003532,271177550.0,322188930.0,0.0001,-18.561,-8.045,-8.908
GMTUSDT,2025-01-09 09:00:00+09:00,0.1431,0.1464,0.138,0.1425,158316286.0,155492524.0,0.0001,-14.517,-18.031,-13.904
GMXUSDT,2025-01-09 09:00:00+09:00,24.495,25.12,23.365,24.105,62210.66,195878.51,7.5e-05,-16.447,54.586,4.05
GNOUSDT,2025-01-09 09:00:00+09:00,253.89,259.57,246.22,250.97,1035.121,1427.444,0.0001,-11.571,90.322,19.765
GOATUSDT,2025-01-09 09:00:00+09:00,0.3868,0.3937,0.3442,0.3639,114577684.0,115800842.0,0.0001,-29.078,-13.012,-3.096
GODSUSDT,2025-01-09 09:00:00+09:00,0.1869,0.1885,0.1775,0.1807,1786734.0,3718977.0,0.0001,-15.045,16.072,1.089
GOMININGUSDT,2025-01-09 09:00:00+09:00,0.49922,0.5014,0.48336,0.49135,3832240.0,783975.0,0.0001,-0.466,-10.893,45.914
GRASSUSDT,2025-01-09 09:00:00+09:00,2.6302,2.7126,2.3749,2.4307,5425841.0,14205233.0,-0.002073,-19.238,-24.909,-4.108
GRIFFAINUSDT,2025-01-09 09:00:00+09:00,0.41302,0.42787,0.34218,0.36086,51016741.0,21693209.0,0.0001,-25.286,-0.398,11.307
GRTUSDT,2025-01-09 09:00:00+09:00,0.21138,0.21334,0.19834,0.20495,28984461.8,59795516.4,6e-06,-17.326,20.553,-0.976
GTCUSDT,2025-01-09 09:00:00+09:00,0.706,0.715,0.671,0.698,1272223.7,1847410.7,0.0001,-16.005,32.332,-17.251
GUSDT,2025-01-09 09:00:00+09:00,0.03321,0.03352,0.03096,0.03173,236939680.0,92802890.0,-1.2e-05,-1.734,2248.354,142.781
HBARUSDT,2025-01-09 09:00:00+09:00,0.28478,0.28505,0.26236,0.27024,214462729.0,239086207.0,1.9e-05,-12.314,17.213,-6.548
HFTUSDT,2025-01-09 09:00:00+09:00,0.1851,0.1906,0.1785,0.1839,5119106.0,11673552.0,0.0001,-18.736,67.681,3.35
HIFIUSDT,2025-01-09 09:00:00+09:00,0.6156,0.67,0.5903,0.6454,28636012.0,2914692.0,0.0001,3.479,434.35,-8.678
HIGHUSDT,2025-01-09 09:00:00+09:00,1.3669,1.3931,1.3159,1.3596,625206.7,1508109.0,0.0001,-14.812,14.538,-13.544
HIPPOUSDT,2025-01-09 09:00:00+09:00,0.00841,0.0086,0.0077,0.0081,2308756650.0,978095250.0,0.0001,-21.815,63.297,-4.114
HIVEUSDT,2025-01-09 09:00:00+09:00,0.5667,0.5842,0.4914,0.5074,121928061.0,22230489.0,0.0001,-21.492,8.495,-47.412
HMSTRUSDT,2025-01-09 09:00:00+09:00,0.002783,0.002928,0.002769,0.002904,2603844040.0,2373286280.0,0.0001,-15.038,29.639,-12.538
HNTUSDT,2025-01-09 09:00:00+09:00,5.915,5.955,5.594,5.727,219819.44,973732.26,0.0001,-11.264,-43.92,1.924
HOOKUSDT,2025-01-09 09:00:00+09:00,0.3779,0.3843,0.3573,0.3706,2601811.7,8181947.8,0.0001,-19.853,5.629,1.15
HOTUSDT,2025-01-09 09:00:00+09:00,0.002202,0.002243,0.002073,0.002155,233159300.0,901149200.0,0.0001,-18.092,10.032,-3.65
HPOS10IUSDT,2025-01-09 09:00:00+09:00,0.1874,0.1913,0.1709,0.178,2973229.0,12099055.0,0.0001,-19.639,-4.782,-23.938
HYPEUSDT,2025-01-09 09:00:00+09:00,22.592,24.032,19.087,20.331,9481138.18,4771448.94,0.0001,-19.484,51.074,13.431
ICPUSDT,2025-01-09 09:00:00+09:00,10.849,10.993,10.04,10.283,1484374.6,3328608.0,-1.1e-05,-15.644,-15.24,1.262
ICXUSDT,2025-01-09 09:00:00+09:00,0.1914,0.2065,0.1899,0.202,19142806.0,11999650.0,0.0001,-6.221,49.765,-3.743
IDEXUSDT,2025-01-09 09:00:00+09:00,0.0605,0.06204,0.05622,0.05792,17475340.0,12354250.0,0.0001,-14.849,-25.358,-25.545
IDUSDT,2025-01-09 09:00:00+09:00,0.4376,0.4469,0.425,0.4366,6244411.0,7512897.0,0.0001,-10.569,11.938,-5.442
ILVUSDT,2025-01-09 09:00:00+09:00,37.5,37.93,35.84,37.01,25724.11,116051.8,0.0001,-12.774,31.497,-9.034
IMXUSDT,2025-01-09 09:00:00+09:00,1.2684,1.2832,1.2063,1.2491,3165455.7,9228281.5,0.0001,-15.618,36.624,-7.71
INJUSDT,2025-01-09 09:00:00+09:00,21.83,22.074,20.76,21.577,1618604.9,2252285.29999999,0.0001,-16.816,87.616,-8.395
IOSTUSDT,2025-01-09 09:00:00+09:00,0.006913,0.008033,0.006913,0.008005,5372936252.0,280369456.0,0.0001,3.491,818.503,-2.07
IOTAUSDT,2025-01-09 09:00:00+09:00,0.3202,0.3298,0.2964,0.3058,34428090.2,28117557.0,0.0001,-19.42,-31.983,-13.589
IOTXUSDT,2025-01-09 09:00:00+09:00,0.03856,0.03988,0.03613,0.03734,43864841.0,94042252.0,0.0001,-10.52,-24.381,-11.301
IOUSDT,2025-01-09 09:00:00+09:00,3.132,3.172,2.904,2.985,2497926.6,3595076.1,-1.7e-05,-21.115,0.384,-0.951
JASMYUSDT,2025-01-09 09:00:00+09:00,0.03289,0.033485,0.03054,0.031783,481399009.0,461938492.0,5e-05,-19.805,12.822,-2.505
JOEUSDT,2025-01-09 09:00:00+09:00,0.3552,0.3612,0.34,0.3521,1516805.0,4457888.0,0.0001,-14.038,48.517,-22.932
JSTUSDT,2025-01-09 09:00:00+09:00,0.04039,0.04156,0.03923,0.04105,51793140.0,42434130.0,0.0001,-9.322,469.042,-11.786
JTOUSDT,2025-01-09 09:00:00+09:00,3.084,3.1,2.818,2.878,2658055.0,4235503.59999999,0.0001,-11.091,12.154,-17.515
JUPUSDT,2025-01-09 09:00:00+09:00,0.828,0.8416,0.7821,0.8075,12017293.0,37946171.0,-0.000297,-15.533,17.635,-6.963
KAIAUSDT,2025-01-09 09:00:00+09:00,0.2047,0.2121,0.1971,0.2058,35063325.0,35596748.0,0.0001,-12.314,33.792,-6.78
KASUSDT,2025-01-09 09:00:00+09:00,0.11707,0.11834,0.11158,0.11386,109719000.0,457879740.0,0.0001,-7.694,44.407,1.824
KAVAUSDT,2025-01-09 09:00:00+09:00,0.4999,0.5244,0.4906,0.5036,11074684.8,10938338.8,0.0001,-8.966,-22.188,4.132
KDAUSDT,2025-01-09 09:00:00+09:00,0.8662,0.8768,0.7986,0.8298,2143542.0,5248335.5,0.0001,-20.441,37.704,-1.775
KEYUSDT,2025-01-09 09:00:00+09:00,0.000988,0.001001,0.0008915,0.0009465,684626100.0,1052303200.0,0.0001,-10.327,-8.418,-21.325
KMNOUSDT,2025-01-09 09:00:00+09:00,0.12764,0.12869,0.11689,0.1186,19206940.0,31321310.0,0.0001,-23.74,3.438,-16.064
KNCUSDT,2025-01-09 09:00:00+09:00,0.5828,0.6337,0.5803,0.6058,9969895.9,3571450.5,0.0001,-5.196,15.163,-26.197
KOMAUSDT,2025-01-09 09:00:00+09:00,0.09636,0.09764,0.08901,0.09183,23081759.0,36764148.0,0.0001,-24.064,-37.257,14.428
KSMUSDT,2025-01-09 09:00:00+09:00,31.04,31.53,29.45,30.55,79981.79,273201.61,0.0001,-16.141,33.242,9.122
L3USDT,2025-01-09 09:00:00+09:00,0.1007,0.1104,0.09391,0.10273,102944040.0,36366870.0,0.0001,-11.759,-31.529,3.158
LAIUSDT,2025-01-09 09:00:00+09:00,0.01252,0.0127,0.01146,0.01197,42269200.0,180152550.0,0.0001,-14.622,-3.504,-6.171
LDOUSDT,2025-01-09 09:00:00+09:00,1.65,1.689,1.5745,1.6305,8351144.1,26165614.9,6e-06,-19.262,27.036,-9.659
LEVERUSDT,2025-01-09 09:00:00+09:00,0.001664,0.001687,0.001584,0.001632,522801300.0,1073099600.0,0.0001,-15.659,518.357,1.972
LINAUSDT,2025-01-09 09:00:00+09:00,0.004518,0.004607,0.004346,0.004498,198564260.0,508019960.0,0.0001,-19.362,22.873,-11.95
LINKUSDT,2025-01-09 09:00:00+09:00,20.429,20.714,19.288,19.761,4883189.3,8120524.4,2.7e-05,-17.058,45.687,-0.173
LISTAUSDT,2025-01-09 09:00:00+09:00,0.3712,0.3768,0.3484,0.3609,1795030.0,3258811.0,0.0001,-18.478,16.025,-13.216
LITUSDT,2025-01-09 09:00:00+09:00,0.8155,0.825,0.7716,0.7992,618746.0,1371278.3,0.0001,-15.953,-9.412,-17.719
LOOKSUSDT,2025-01-09 09:00:00+09:00,0.0499,0.05135,0.04752,0.04935,23569709.7,82639650.9,0.0001,-20.608,94.479,-14.932
LPTUSDT,2025-01-09 09:00:00+09:00,13.481,13.81,12.907,13.366,256915.5,596233.6,-0.000148,-20.179,-13.213,0.445
LQTYUSDT,2025-01-09 09:00:00+09:00,1.5947,1.6187,1.4956,1.5417,734672.6,1088955.1,0.0001,-21.41,-28.0,-23.046
LRCUSDT,2025-01-09 09:00:00+09:00,0.1872,0.1902,0.1783,0.1845,3709924.2,14683083.7,6.5e-05,-15.094,4.386,-4.168
LSKUSDT,2025-01-09 09:00:00+09:00,0.986,1.1241,0.9758,1.0843,17432640.2,1151126.7,0.0001,3.523,568.996,-1.528
LTCUSDT,2025-01-09 09:00:00+09:00,101.38,104.2,99.81,103.39,550499.0,955589.4,0.0001,-9.283,37.508,-8.311
LTOUSDT,2025-01-09 09:00:00+09:00,0.1317,0.1372,0.1294,0.133,1060771.0,2178125.0,0.0001,-15.609,14.398,2.954
LUCEUSDT,2025-01-09 09:00:00+09:00,0.0299,0.0307,0.0258,0.0273,173177482.0,86417324.0,0.0001,-33.415,52.06,-12.032
LUMIAUSDT,2025-01-09 09:00:00+09:00,1.191,1.199,1.141,1.158,1867498.4,1437572.9,0.0001,-20.083,5.681,-11.485
LUNA2USDT,2025-01-09 09:00:00+09:00,0.4254,0.4329,0.4033,0.4162,7337952.4,9082617.3,0.0001,-16.392,9.491,-13.449
MAGICUSDT,2025-01-09 09:00:00+09:00,0.5089,0.5149,0.4626,0.4741,6624209.0,7377573.0,0.0001,-21.363,-60.115,-1.677
MAJORUSDT,2025-01-09 09:00:00+09:00,0.4459,0.4534,0.4197,0.4352,4910826.1,5843364.5,0.0001,-27.78,76.565,0.371
MANAUSDT,2025-01-09 09:00:00+09:00,0.4887,0.5019,0.4774,0.4956,12743798.8,22216207.89999999,4.6e-05,-13.928,30.365,-1.223
MANEKIUSDT,2025-01-09 09:00:00+09:00,0.004121,0.004132,0.003786,0.003869,147938900.0,295756300.0,0.0001,-22.774,23.418,-17.939
MANTAUSDT,2025-01-09 09:00:00+09:00,0.798,0.8108,0.7575,0.7831,5064855.1,8812520.3,0.0001,-15.75,34.292,-7.624
MASAUSDT,2025-01-09 09:00:00+09:00,0.16271,0.17352,0.14865,0.15648,19225420.0,17051521.0,0.0001,-17.136,-32.884,8.223
MASKUSDT,2025-01-09 09:00:00+09:00,2.777,2.876,2.749,2.83,1223461.5,4930193.9,0.0001,-11.783,71.645,-0.881
MAVIAUSDT,2025-01-09 09:00:00+09:00,0.903,0.919,0.797,0.832,2215656.8,6441167.1,0.0001,-29.131,35.513,-5.254
MAVUSDT,2025-01-09 09:00:00+09:00,0.1899,0.1929,0.178,0.1833,2506202.0,8067046.0,0.0001,-20.855,53.646,-32.143
MAXUSDT,2025-01-09 09:00:00+09:00,0.17163,0.17544,0.16184,0.1667,4463541.0,4686013.0,0.0001,-17.663,30.94,-26.619
MBLUSDT,2025-01-09 09:00:00+09:00,0.00358,0.004053,0.003491,0.003889,3226291600.0,312585600.0,-0.000249,4.627,227.98,5.693
MBOXUSDT,2025-01-09 09:00:00+09:00,0.1838,0.186,0.1733,0.1781,3151803.0,6510999.0,0.0001,-17.699,-17.751,1.384
MDTUSDT,2025-01-09 09:00:00+09:00,0.05421,0.0548,0.05191,0.05318,10586500.0,20977110.0,0.0001,-14.405,57.556,4.838
MEMEFIUSDT,2025-01-09 09:00:00+09:00,0.003948,0.004117,0.003663,0.003788,1725497700.0,858584400.0,0.0001,-29.209,71.684,13.447
MEMEUSDT,2025-01-09 09:00:00+09:00,0.00955,0.00968,0.0091,0.009357,801258330.0,891089090.0,0.0001,-18.493,36.121,6.385
MERLUSDT,2025-01-09 09:00:00+09:00,0.2236,0.23,0.2187,0.2268,4909069.9,19873954.0,0.0001,-18.27,53.178,3.709
METISUSDT,2025-01-09 09:00:00+09:00,39.57,40.24,36.51,37.93,23962.91,70458.48,0.0001,-21.372,39.658,-10.163
MEUSDT,2025-01-09 09:00:00+09:00,2.8286,2.8286,2.5917,2.6824,4973776.0,3350799.0,0.0001,-20.394,-10.934,-13.524
MEWUSDT,2025-01-09 09:00:00+09:00,0.005945,0.00604,0.005562,0.005766,1158403300.0,2380085000.0,0.0001,-18.015,43.961,-13.86
MINAUSDT,2025-01-09 09:00:00+09:00,0.5762,0.5854,0.5494,0.5673,3654048.6,8709506.5,0.000586,-14.512,50.754,-0.196
MKRUSDT,2025-01-09 09:00:00+09:00,1480.3,1506.7,1448.3,1491.5,3558.473,10105.634,0.0001,-8.575,21.02,-9.38
MNTUSDT,2025-01-09 09:00:00+09:00,1.2114,1.2187,1.1263,1.1529,10853535.0,28799650.0,-3.6e-05,-14.815,45.601,-5.17
MOBILEUSDT,2025-01-09 09:00:00+09:00,0.0009221,0.0009328,0.0008673,0.000888,559804000.0,750360400.0,0.0001,-13.146,-9.307,-7.311
MOCAUSDT,2025-01-09 09:00:00+09:00,0.24796,0.24806,0.21349,0.22001,109605579.0,50799822.0,0.000694,-26.88,-52.446,-20.324
MONUSDT,2025-01-09 09:00:00+09:00,0.11418,0.11549,0.09938,0.10395,4416842.0,4195725.0,0.0001,-22.61,-61.683,-28.742
MOODENGUSDT,2025-01-09 09:00:00+09:00,0.20774,0.21644,0.18758,0.19602,85853278.0,71441090.0,0.0001,-32.572,24.021,-0.972
MORPHOUSDT,2025-01-09 09:00:00+09:00,3.3867,3.4191,2.9536,3.0222,5550445.0,2833180.0,0.0001,-8.204,-6.962,-26.621
MOTHERUSDT,2025-01-09 09:00:00+09:00,0.026535,0.027134,0.022083,0.02356,103983350.0,89314540.0,0.0001,-28.127,-14.291,3.966
MOVEUSDT,2025-01-09 09:00:00+09:00,0.9005,0.9168,0.8193,0.84,36234760.0,19439267.0,0.0001,-19.748,-18.281,-22.724
MOVRUSDT,2025-01-09 09:00:00+09:00,11.658,11.789,10.981,11.39,39455.8,269338.59999999,0.000356,-18.921,-10.481,0.224
MTLUSDT,2025-01-09 09:00:00+09:00,1.2442,1.4467,1.2182,1.343,24524006.9,1349035.8,0.0001,3.101,796.429,-8.533
MVLUSDT,2025-01-09 09:00:00+09:00,0.00466,0.005304,0.004561,0.005138,1167013400.0,78508200.0,0.0001,5.481,262.78,-29.262
MYRIAUSDT,2025-01-09 09:00:00+09:00,0.002023,0.002054,0.00179,0.001868,570861120.0,903475610.0,0.0001,-28.319,41.625,-10.999
MYROUSDT,2025-01-09 09:00:00+09:00,0.05641,0.05747,0.05214,0.05471,58530295.0,158422072.0,0.000515,-23.876,70.208,6.735
NEARUSDT,2025-01-09 09:00:00+09:00,5.148,5.216,4.831,4.991,8930136.8,12457179.8,0.0001,-16.969,59.17,-6.874
NEIROETHUSDT,2025-01-09 09:00:00+09:00,0.03908,0.03997,0.03638,0.0382,110901549.0,255418769.0,0.0001,-20.763,-54.764,-0.508
NEOUSDT,2025-01-09 09:00:00+09:00,14.558,15.281,14.329,15.016,936316.19,650731.98,2.9e-05,-9.093,77.065,-9.072
NFPUSDT,2025-01-09 09:00:00+09:00,0.2608,0.2636,0.2457,0.2548,1877103.7,6503426.7,0.0001,-21.236,-20.628,-17.722
NKNUSDT,2025-01-09 09:00:00+09:00,0.08669,0.08806,0.08219,0.08475,4870158.0,6617051.0,0.0001,-17.67,26.304,4.198
NMRUSDT,2025-01-09 09:00:00+09:00,14.873,15.501,14.387,14.888,98859.8,93899.2,0.0001,-13.296,-19.314,-20.996
NOTUSDT,2025-01-09 09:00:00+09:00,0.005852,0.005955,0.0056,0.005773,1405294670.0,4109252590.0,0.0001,-15.562,75.56,3.957
NSUSDT,2025-01-09 09:00:00+09:00,0.2722,0.2725,0.2349,0.2434,17391465.0,8537929.0,0.0001,-13.504,-29.766,-11.151
NTRNUSDT,2025-01-09 09:00:00+09:00,0.345,0.3498,0.3256,0.3349,795026.0,4783545.0,0.0001,-18.871,31.828,-6.837
NULSUSDT,2025-01-09 09:00:00+09:00,0.3647,0.3688,0.3352,0.3443,745559.0,749440.0,0.0001,-18.509,30.018,-28.523
NYANUSDT,2025-01-09 09:00:00+09:00,0.07992,0.0825,0.07786,0.07922,6783577.0,11656325.0,0.0001,-17.745,-46.809,-16.061
OGNUSDT,2025-01-09 09:00:00+09:00,0.1082,0.1101,0.103,0.1063,5380899.0,13762733.0,0.0001,-17.341,-28.995,-12.887
OGUSDT,2025-01-09 09:00:00+09:00,4.7119,4.8,4.5164,4.6387,152857.5,288831.5,-0.000168,-7.472,51.711,-4.062
OLUSDT,2025-01-09 09:00:00+09:00,0.18052,0.18163,0.15318,0.16101,49984301.0,19047196.0,0.0001,-32.685,44.693,-10.916
OMGUSDT,2025-01-09 09:00:00+09:00,0.3154,0.3199,0.2967,0.3072,1381197.7,4301845.4,0.0001,-15.813,17.346,-23.443
OMNIUSDT,2025-01-09 09:00:00+09:00,8.474,9.087,8.386,8.904,533984.93,258790.92,0.0001,-7.855,55.491,-21.837
OMUSDT,2025-01-09 09:00:00+09:00,4.0265,4.0277,3.6741,3.8656,5282733.0,3419799.0,-0.000106,-5.669,54.39,3.429
ONDOUSDT,2025-01-09 09:00:00+09:00,1.3109,1.3183,1.1917,1.2332,58827958.0,86657676.0,-2.4e-05,-18.938,45.438,3.633
ONEUSDT,2025-01-09 09:00:00+09:00,0.02478,0.02532,0.02332,0.02414,99551074.0,190490844.0,0.0001,-20.487,55.992,-4.3
ONGUSDT,2025-01-09 09:00:00+09:00,0.3629,0.3873,0.3458,0.3733,51266751.0,6571310.0,0.0001,3.896,673.176,113.683
ONTUSDT,2025-01-09 09:00:00+09:00,0.2431,0.2595,0.23875,0.2533,17945021.0,10102369.0,0.0001,-4.433,247.727,2.618
OPUSDT,2025-01-09 09:00:00+09:00,1.8024,1.8401,1.711,1.7667,11161992.0,25767005.7,5.9e-05,-16.274,29.586,5.398
ORBSUSDT,2025-01-09 09:00:00+09:00,0.02929,0.03148,0.02872,0.03105,124675430.0,102972950.0,0.0005,0.844,213.929,-5.957
ORCAUSDT,2025-01-09 09:00:00+09:00,3.659,3.714,3.353,3.481,798132.6,562813.9,0.0001,-18.99,99.57,-9.736
ORDERUSDT,2025-01-09 09:00:00+09:00,0.2539,0.2554,0.2253,0.2375,18054465.0,14709192.0,0.0001,-20.114,111.3,-1.33
ORDIUSDT,2025-01-09 09:00:00+09:00,23.547,24.13,23.064,23.763,1601019.86,1636994.69,0.0001,-19.701,41.124,3.758
OSMOUSDT,2025-01-09 09:00:00+09:00,0.4798,0.4902,0.456,0.468,1776227.0,2977292.0,0.0001,-18.694,1804.155,34.507
OXTUSDT,2025-01-09 09:00:00+09:00,0.11734,0.11947,0.10969,0.11299,8546050.0,16001580.0,0.0001,-9.731,6.136,-2.054
PAXGUSDT,2025-01-09 09:00:00+09:00,2669.0,2685.0,2664.0,2677.0,383.083,1167.493,0.0001,1.057,103.294,8.523
PEAQUSDT,2025-01-09 09:00:00+09:00,0.5536,0.5565,0.4933,0.5041,6119651.0,9733538.0,0.0001,-21.748,-71.13,-11.37
PENDLEUSDT,2025-01-09 09:00:00+09:00,4.259,4.3316,3.8986,4.0563,2758732.0,3692611.0,-1.7e-05,-24.548,89.615,3.746
PENGUSDT,2025-01-09 09:00:00+09:00,0.0941,0.0942,0.0831,0.0871,10012926.0,19239523.0,0.0001,-28.313,-48.6,-5.841
PENGUUSDT,2025-01-09 09:00:00+09:00,0.03592,0.03734,0.03138,0.03297,2230680160.0,1245635370.0,5e-05,-23.468,-6.213,-12.505
PEOPLEUSDT,2025-01-09 09:00:00+09:00,0.03834,0.03938,0.03689,0.03812,160773041.0,179219676.0,0.0001,-21.837,68.06,9.93
PERPUSDT,2025-01-09 09:00:00+09:00,0.7052,0.7198,0.6746,0.6983,472303.0,3388488.0,0.0001,-17.086,-7.091,-2.506
PHAUSDT,2025-01-09 09:00:00+09:00,0.32107,0.32344,0.28911,0.30282,37796829.0,18367939.0,0.0001,-17.14,-45.053,-13.969
PHBUSDT,2025-01-09 09:00:00+09:00,1.4695,1.4931,1.3809,1.4303,434126.0,1254015.0,0.0001,-18.724,-12.126,-18.403
PIRATEUSDT,2025-01-09 09:00:00+09:00,0.1424,0.1432,0.1336,0.1374,5018161.0,10063391.0,0.0001,-13.476,-15.703,6.356
PIXELUSDT,2025-01-09 09:00:00+09:00,0.1462,0.1481,0.1364,0.1412,10095048.0,24087076.0,0.0001,-20.226,23.136,9.582
PNUTUSDT,2025-01-09 09:00:00+09:00,0.5587,0.5802,0.5255,0.5515,94008275.0,39168067.0,0.0001,-23.721,19.315,-14.266
POLUSDT,2025-01-09 09:00:00+09:00,0.4637,0.467,0.4417,0.4557,34926525.0,66732323.0,0.0001,-13.183,51.968,-9.627
POLYXUSDT,2025-01-09 09:00:00+09:00,0.2753,0.2954,0.2721,0.2898,15403498.0,7506913.0,0.0001,-5.263,119.371,-1.118
PONKEUSDT,2025-01-09 09:00:00+09:00,0.27738,0.28229,0.2586,0.27083,17419601.0,22485419.0,0.000119,-23.247,6.566,-0.835
POPCATUSDT,2025-01-09 09:00:00+09:00,0.6012,0.6066,0.5217,0.5479,138969782.0,170445213.0,0.0001,-35.76,53.818,10.62
PORTALUSDT,2025-01-09 09:00:00+09:00,0.289,0.2933,0.2666,0.2775,5421272.4,10117882.9,5.1e-05,-21.875,47.633,4.156
POWRUSDT,2025-01-09 09:00:00+09:00,0.2865,0.3102,0.279,0.3014,43707752.0,11795797.0,0.0001,0.634,52.051,8.633
PRCLUSDT,2025-01-09 09:00:00+09:00,0.2736,0.2825,0.2467,0.2586,8671154.0,13566210.0,0.0001,-29.919,6.731,-2.926
PRIMEUSDT,2025-01-09 09:00:00+09:00,15.473,15.49,12.698,13.136,505218.3,442897.1,0.0001,-24.782,31.508,-21.155
PROMUSDT,2025-01-09 09:00:00+09:00,5.465,5.542,5.311,5.424,53596.5,147979.79999999,0.0001,-15.184,11.703,37.158
PROSUSDT,2025-01-09 09:00:00+09:00,0.4952,0.51,0.4707,0.4906,3902033.0,1275331.0,0.0001,-15.487,-9.954,-7.446
PUFFERUSDT,2025-01-09 09:00:00+09:00,0.6936,0.72,0.6516,0.6804,13862827.0,13590056.0,0.0001,-11.325,59.649,0.215
PYRUSDT,2025-01-09 09:00:00+09:00,2.87,2.95,2.795,2.874,127368.0,276975.0,0.0001,-17.032,116.464,-4.557
PYTHUSDT,2025-01-09 09:00:00+09:00,0.3401,0.3432,0.3204,0.3312,22819159.0,48974731.0,3.7e-05,-16.992,82.733,-13.301
QIUSDT,2025-01-09 09:00:00+09:00,0.0151,0.01529,0.01449,0.01484,11455240.0,39985130.0,0.0001,-13.57,51.289,-3.091
QNTUSDT,2025-01-09 09:00:00+09:00,105.8,106.4,100.23,103.1,19072.19,45768.55,7.1e-05,-11.548,16.744,-3.039
QTUMUSDT,2025-01-09 09:00:00+09:00,3.087,3.254,3.075,3.185,889136.7,1978629.2,0.0001,-10.934,73.736,-4.181
QUICKUSDT,2025-01-09 09:00:00+09:00,0.04105,0.04175,0.03949,0.04074,2590960.0,9771490.0,0.0001,-14.123,51.2,-23.772
RADUSDT,2025-01-09 09:00:00+09:00,1.227,1.279,1.206,1.228,538096.2,970811.1,0.0001,-13.277,-20.759,-4.153
RAREUSDT,2025-01-09 09:00:00+09:00,0.1035,0.1054,0.0993,0.1027,8515600.0,19813171.0,0.000704,-15.82,0.692,-0.241
RAYDIUMUSDT,2025-01-09 09:00:00+09:00,5.1342,5.3129,4.7013,4.9438,880579.5,1544496.7,0.0001,-12.073,12.507,-19.902
RDNTUSDT,2025-01-09 09:00:00+09:00,0.05487,0.05585,0.05246,0.05431,23472984.0,41261110.0,-0.000407,-16.292,36.067,-0.419
REEFUSDT,2025-01-09 09:00:00+09:00,0.000988,0.001003,0.000929,0.000961,1855898550.0,6634125770.0,0.0002,-21.487,-12.857,-2.166
RENDERUSDT,2025-01-09 09:00:00+09:00,7.561,7.634,6.891,7.169,3277503.1,4205259.2,-5.3e-05,-19.522,119.407,-15.678
RENUSDT,2025-01-09 09:00:00+09:00,0.03115,0.03219,0.02865,0.03002,26742003.1,51167950.9,0.0001,-9.415,71.812,-16.715
REQUSDT,2025-01-09 09:00:00+09:00,0.11921,0.12167,0.11595,0.11833,4366708.0,7058277.0,0.0001,-10.512,-14.473,-9.64
REZUSDT,2025-01-09 09:00:00+09:00,0.03246,0.03295,0.03003,0.03127,26973342.0,57150408.0,0.0001,-20.795,20.044,-6.582
RIFSOLUSDT,2025-01-09 09:00:00+09:00,0.03246,0.03552,0.02924,0.03079,173982033.0,171706070.0,0.0001,-27.296,0.729,-6.194
RIFUSDT,2025-01-09 09:00:00+09:00,0.09637,0.09846,0.09175,0.09469,6399436.0,8803820.0,0.0001,-16.975,-0.744,-13.098
RLCUSDT,2025-01-09 09:00:00+09:00,2.1128,2.1398,1.9953,2.0489,168370.0,621071.69999999,0.0001,-16.911,-42.607,-11.347
RONUSDT,2025-01-09 09:00:00+09:00,1.837,1.862,1.772,1.819,287243.7,1609574.9,-9.4e-05,-10.658,114.329,-3.536
ROSEUSDT,2025-01-09 09:00:00+09:00,0.07884,0.07966,0.07258,0.07525,21873365.0,75650381.0,6.1e-05,-19.682,28.487,-1.442
RPLUSDT,2025-01-09 09:00:00+09:00,10.765,10.89,10.27,10.62,43846.57,78636.77,-5.2e-05,-13.938,24.154,-15.33
RSRUSDT,2025-01-09 09:00:00+09:00,0.013551,0.013806,0.012552,0.013029,485723270.0,527051260.0,-3.6e-05,-20.796,-13.961,-0.753
RSS3USDT,2025-01-09 09:00:00+09:00,0.12507,0.1299,0.11341,0.11705,8377306.0,10306015.0,0.0001,-17.617,15.764,6.598
RUNEUSDT,2025-01-09 09:00:00+09:00,3.98,4.01,3.51,3.626,5630882.2,7082197.0,1e-06,-26.866,89.651,8.858
RVNUSDT,2025-01-09 09:00:00+09:00,0.01998,0.02019,0.01914,0.01973,39990141.0,167967987.0,0.0001,-14.366,32.162,-7.704
SAFEUSDT,2025-01-09 09:00:00+09:00,0.9726,0.9744,0.9154,0.96,2012498.3,2917756.9,6.1e-05,-9.494,186.214,-4.947
SAGAUSDT,2025-01-09 09:00:00+09:00,1.2837,1.3114,1.2215,1.2679,2180345.6,3269036.0,0.0001,-21.918,62.704,-16.967
SANDUSDT,2025-01-09 09:00:00+09:00,0.5881,0.607,0.5732,0.5886,78596592.0,46007048.0,2.2e-05,-15.722,73.144,-6.832
SCAUSDT,2025-01-09 09:00:00+09:00,0.2331,0.2347,0.2124,0.2206,3707323.2,2920010.9,0.0001,-19.723,6.851,3.422
SCRTUSDT,2025-01-09 09:00:00+09:00,0.4463,0.4518,0.4217,0.4339,4433369.0,3694528.3,0.0001,-18.286,-39.483,-17.778
SCRUSDT,2025-01-09 09:00:00+09:00,0.852,0.866,0.801,0.824,4813435.3,8999796.0,0.0001,-18.818,36.681,17.227
SCUSDT,2025-01-09 09:00:00+09:00,0.005824,0.00623,0.005695,0.006003,996708870.0,487843190.0,0.000458,-2.628,650.569,8.085
SDUSDT,2025-01-09 09:00:00+09:00,1.2086,1.2316,1.1305,1.1693,1154709.0,1205806.0,0.0001,-6.05,-36.207,-16.574
SEIUSDT,2025-01-09 09:00:00+09:00,0.3945,0.4002,0.3687,0.3804,101930942.0,130746164.0,4e-05,-18.07,94.417,-6.916
SENDUSDT,2025-01-09 09:00:00+09:00,2.4903,2.5847,2.3509,2.4433,1132857.0,999066.0,0.0001,-9.174,-14.705,-21.015
SFPUSDT,2025-01-09 09:00:00+09:00,0.6886,0.696,0.6632,0.6812,670687.5,4325236.9,0.0001,-4.674,39.198,3.048
SHIB1000USDT,2025-01-09 09:00:00+09:00,0.021281,0.021491,0.020466,0.021235,1334790510.0,2084796190.0,0.0001,-11.69,33.792,-6.462
SILLYUSDT,2025-01-09 09:00:00+09:00,0.00796,0.0081,0.00721,0.0075,114416712.0,177045213.0,0.0001,-28.571,-64.854,-7.543
SKLUSDT,2025-01-09 09:00:00+09:00,0.04447,0.04557,0.04283,0.04422,13838952.0,38434954.0,0.0001,-18.368,17.194,-4.676
SLERFUSDT,2025-01-09 09:00:00+09:00,0.1586,0.1607,0.1477,0.1525,11341206.0,20078321.0,0.0001,-20.157,22.727,14.434
SLFUSDT,2025-01-09 09:00:00+09:00,0.2854,0.2899,0.2745,0.2784,1193731.0,4281833.0,1.3e-05,-19.398,5.936,10.949
SLPUSDT,2025-01-09 09:00:00+09:00,0.00359,0.003646,0.003366,0.003469,221932090.0,657640870.0,0.0001,-19.1,-23.787,-6.248
SNTUSDT,2025-01-09 09:00:00+09:00,0.04352,0.04611,0.04242,0.04467,101423650.0,67975480.0,-0.000841,-11.893,68.57,-4.563
SNXUSDT,2025-01-09 09:00:00+09:00,1.852,1.88,1.746,1.796,1310915.8,4575753.09999999,0.0001,-18.549,49.033,-7.474
SOLOUSDT,2025-01-09 09:00:00+09:00,0.4844,0.4955,0.4493,0.466,3405397.0,2846152.0,0.0001,-5.84,-64.168,-16.158
SOLUSDT,2025-01-09 09:00:00+09:00,197.35,198.97,184.92,189.88,4672792.4,5017097.2,0.0001,-12.951,43.075,-2.349
SPECUSDT,2025-01-09 09:00:00+09:00,8.698,8.946,7.904,8.155,182660.3,622723.52,-0.001778,-21.36,-3.486,-8.149
SPELLUSDT,2025-01-09 09:00:00+09:00,0.0007562,0.0007663,0.0007148,0.0007373,697184110.0,1563855890.0,0.0001,-15.853,-0.903,-38.217
SPXUSDT,2025-01-09 09:00:00+09:00,1.3202,1.3645,1.1571,1.1728,39302950.0,13091281.0,-0.000504,-24.394,11.45,-12.383
SSVUSDT,2025-01-09 09:00:00+09:00,20.505,21.075,19.515,20.18,101779.02,125706.74,0.0001,-20.489,3.316,6.795
STEEMUSDT,2025-01-09 09:00:00+09:00,0.3094,0.3255,0.2855,0.2907,426098535.0,36285987.0,0.0001,-4.626,35.152,3.289
STGUSDT,2025-01-09 09:00:00+09:00,0.4283,0.4326,0.3987,0.4198,55928458.3,13841998.5,0.0001,-14.134,-48.387,-28.987
STMXUSDT,2025-01-09 09:00:00+09:00,0.005724,0.006424,0.005661,0.006322,3443510820.0,460258160.0,0.0001,2.05,10.472,-4.464
STORJUSDT,2025-01-09 09:00:00+09:00,0.5206,0.55,0.5145,0.5413,18839223.7,10855710.0,0.0001,-5.483,161.319,-1.18
STPTUSDT,2025-01-09 09:00:00+09:00,0.07079,0.07487,0.0677,0.07359,76323070.0,31863960.0,-0.001134,5.521,36.957,-17.176
STRKUSDT,2025-01-09 09:00:00+09:00,0.4443,0.4498,0.4187,0.4318,18603482.4,75752882.0,0.0001,-17.121,49.322,4.2
STXUSDT,2025-01-09 09:00:00+09:00,1.5402,1.5587,1.4644,1.512,9987755.8,19332181.2,-7.1e-05,-17.278,33.185,-8.721
SUIUSDT,2025-01-09 09:00:00+09:00,4.8928,4.8928,4.4937,4.6427,62047810.0,45710660.0,6.3e-05,-8.763,11.971,2.237
SUNDOGUSDT,2025-01-09 09:00:00+09:00,0.08869,0.08968,0.08041,0.08348,54815055.0,79081241.0,0.0001,-24.596,-13.954,-18.278
SUNUSDT,2025-01-09 09:00:00+09:00,0.024639,0.024816,0.023004,0.023505,40424690.0,67020760.0,0.0001,-11.976,-32.159,-9.864
SUPERUSDT,2025-01-09 09:00:00+09:00,1.2776,1.3015,1.1541,1.2184,2543911.0,6541905.0,0.0001,-21.787,56.095,-14.079
SUSHIUSDT,2025-01-09 09:00:00+09:00,1.5101,1.5407,1.4261,1.4731,5670196.8,7630043.2,1.8e-05,-17.929,-26.336,-15.656
SWEATUSDT,2025-01-09 09:00:00+09:00,0.008234,0.008639,0.007464,0.007621,764605240.0,167965040.0,-0.000148,-4.415,255.318,40.797
SWELLUSDT,2025-01-09 09:00:00+09:00,0.02871,0.02917,0.02606,0.02737,84391250.0,123769020.0,0.0001,-22.023,102.816,-6.404
SXPUSDT,2025-01-09 09:00:00+09:00,0.3499,0.3612,0.3376,0.3527,23948617.4,20739768.39999999,-0.0016,-4.958,-0.528,9.638
SYNUSDT,2025-01-09 09:00:00+09:00,0.6043,0.6137,0.5682,0.5853,1325192.0,2641296.0,0.0001,-19.146,-39.337,-23.043
SYSUSDT,2025-01-09 09:00:00+09:00,0.1086,0.1101,0.1051,0.1081,3156443.0,4353731.0,0.0001,-14.748,3.458,-1.976
TAIKOUSDT,2025-01-09 09:00:00+09:00,1.596,1.6187,1.5127,1.5593,5325534.0,3436929.2,0.0001,-12.683,31.427,-8.929
TAIUSDT,2025-01-09 09:00:00+09:00,0.28688,0.289,0.24518,0.26354,11140184.0,15808322.0,0.0001,-24.203,13.303,-20.871
TAOUSDT,2025-01-09 09:00:00+09:00,466.89,475.49,435.58,451.92,64284.499,129260.468,0.0001,-18.75,5.651,-6.502
THETAUSDT,2025-01-09 09:00:00+09:00,2.1477,2.2008,2.0749,2.1318,3196878.0,4981168.3,6.4e-05,-16.814,19.926,-14.006
THEUSDT,2025-01-09 09:00:00+09:00,1.2354,1.2569,1.1427,1.1858,3382720.0,2097677.0,0.0001,-24.138,27.499,-9.709
TIAUSDT,2025-01-09 09:00:00+09:00,4.511,4.621,4.366,4.548,9044422.0,16539196.4,0.0001,-17.624,88.52,-7.175
TLMUSDT,2025-01-09 09:00:00+09:00,0.012615,0.012751,0.011955,0.012329,22444666.0,62804492.0,0.0001,-18.248,15.653,-22.315
TNSRUSDT,2025-01-09 09:00:00+09:00,0.3998,0.4054,0.3733,0.3846,3356773.0,5062252.7,2.8e-05,-23.218,50.987,-2.661
TOKENUSDT,2025-01-09 09:00:00+09:00,0.06266,0.0735,0.05068,0.05394,469473890.0,141482210.0,0.0001,-20.979,204.761,-10.795
TONUSDT,2025-01-09 09:00:00+09:00,5.3071,5.347,5.095,5.2076,3546902.8,14096821.5,9.2e-05,-8.775,57.465,-5.971
TRBUSDT,2025-01-09 09:00:00+09:00,58.69,59.77,56.31,57.94,141379.49,583189.9,0.000522,-14.214,50.275,-4.445
TROYUSDT,2025-01-09 09:00:00+09:00,0.003407,0.003504,0.003032,0.00314,1985963500.0,1151622800.0,0.0001,-23.805,-82.174,-36.314
TRUUSDT,2025-01-09 09:00:00+09:00,0.07989,0.081,0.07596,0.0787,11813248.0,17095986.0,0.0001,-17.91,51.932,-3.282
TRXUSDT,2025-01-09 09:00:00+09:00,0.25044,0.25146,0.23943,0.24333,88202760.0,191583909.0,0.0001,-9.347,24.045,-3.702
TUSDT,2025-01-09 09:00:00+09:00,0.02797,0.02977,0.02788,0.02891,97767920.0,34242620.0,7.5e-05,-6.319,67.161,-15.125
TWTUSDT,2025-01-09 09:00:00+09:00,1.1862,1.203,1.1163,1.149,1383418.1,7445297.6,8.2e-05,-9.213,47.78,0.258
UMAUSDT,2025-01-09 09:00:00+09:00,2.582,2.624,2.495,2.563,511464.2,1523712.5,0.000401,-17.931,-39.356,-0.782
UNIUSDT,2025-01-09 09:00:00+09:00,13.106,13.346,12.361,12.643,1581300.0,3743530.9,0.0001,-16.088,52.097,1.154
UROUSDT,2025-01-09 09:00:00+09:00,0.03797,0.04288,0.0349,0.03697,80590260.0,47571830.0,0.0001,-23.059,-29.642,-27.42
USDCUSDT,2025-01-09 09:00:00+09:00,1.0,1.001,0.9997,1.0003,4226762.6,5473768.59999999,0.0,0.04,281.154,-9.629
USDEUSDT,2025-01-09 09:00:00+09:00,0.9983,0.999,0.998,0.9987,355552.0,2138520.0,0.0001,0.04,277.754,-8.073
USTCUSDT,2025-01-09 09:00:00+09:00,0.01885,0.01917,0.01786,0.01838,43745890.0,95709450.0,0.0001,-14.072,-8.672,18.863
USUALUSDT,2025-01-09 09:00:00+09:00,0.7016,0.7348,0.635,0.6623,47736550.0,43046230.0,0.0001,-30.292,6.603,3.332
UXLINKUSDT,2025-01-09 09:00:00+09:00,1.4282,1.4282,1.2539,1.2933,27726213.0,11364655.0,0.000298,-17.149,-17.764,-17.61
VANAUSDT,2025-01-09 09:00:00+09:00,14.8,14.8,13.379,13.818,1026575.51,1196898.18,0.0001,-20.025,-37.53,-4.047
VANRYUSDT,2025-01-09 09:00:00+09:00,0.1018,0.10378,0.09364,0.09755,19914468.0,44686078.0,0.0001,-25.358,19.815,0.469
VELODROMEUSDT,2025-01-09 09:00:00+09:00,0.14413,0.14615,0.13167,0.13774,16171119.0,20084436.0,0.0001,-23.934,3.039,-17.741
VELOUSDT,2025-01-09 09:00:00+09:00,0.031515,0.032113,0.028787,0.029489,210616630.0,208759140.0,0.0001,-5.429,64.537,3.924
VETUSDT,2025-01-09 09:00:00+09:00,0.04496,0.04611,0.04345,0.04507,169490455.0,359337434.0,0.0001,-14.575,17.807,-14.484
VIDTUSDT,2025-01-09 09:00:00+09:00,0.02874,0.02943,0.02707,0.02798,20096350.0,30613100.0,0.0001,-18.426,-30.665,9.945
VIRTUALUSDT,2025-01-09 09:00:00+09:00,3.5924,3.6079,3.0996,3.2498,44439002.0,26292203.0,-0.000414,-15.948,-4.165,6.843
VOXELUSDT,2025-01-09 09:00:00+09:00,0.1706,0.1727,0.1607,0.1656,1307634.0,2852910.0,0.0001,-17.283,-48.584,-40.799
VRAUSDT,2025-01-09 09:00:00+09:00,0.004311,0.004473,0.003902,0.004096,583807200.0,910254200.0,0.0001,-25.405,132.441,-13.918
VTHOUSDT,2025-01-09 09:00:00+09:00,0.002507,0.002544,0.002418,0.002478,156410500.0,208329000.0,0.0001,-14.875,19.161,7.245
WAVESUSDT,2025-01-09 09:00:00+09:00,1.729,1.8795,1.698,1.8045,14151263.9,4573759.59999999,0.0001,-8.933,118.851,-12.353
WAXPUSDT,2025-01-09 09:00:00+09:00,0.04328,0.04792,0.04301,0.04717,88813230.0,23363210.0,0.0001,-0.966,196.223,-16.627
WIFUSDT,2025-01-09 09:00:00+09:00,1.7081,1.733,1.5055,1.5818,91481493.0,69925011.0,0.0001,-24.127,18.31,-1.038
WLDUSDT,2025-01-09 09:00:00+09:00,2.197,2.236,2.088,2.158,26648148.6,29986857.5,4.2e-05,-17.539,151.791,3.322
WOOUSDT,2025-01-09 09:00:00+09:00,0.2087,0.2121,0.1944,0.2024,5958246.8,21212804.1,0.0001,-19.619,35.897,2.347
WUSDT,2025-01-09 09:00:00+09:00,0.2612,0.2649,0.2495,0.2563,20928058.5,53457085.6,0.0001,-16.16,20.354,-3.931
XAIUSDT,2025-01-09 09:00:00+09:00,0.2155,0.2194,0.2014,0.2083,18937622.0,33716944.0,-3.3e-05,-21.927,22.25,1.912
